SCF Domain,SCF Control,SCF #,"Secure Controls Framework (SCF)
Control Description",Relative Control Weighting
Cybersecurity & Data Protection Governance,Cybersecurity & Data Protection Governance Program ,GOV-01,Mechanisms exist to facilitate the implementation of cybersecurity & data protection governance controls.,10
Cybersecurity & Data Protection Governance,Steering Committee & Program Oversight,GOV-01.1,"Mechanisms exist to coordinate cybersecurity, data protection and business alignment through a steering committee or advisory board, comprised of key cybersecurity, data privacy and business executives, which meets formally and on a regular basis.",7
Cybersecurity & Data Protection Governance,Status Reporting To Governing Body,GOV-01.2,Mechanisms exist to provide governance oversight reporting and recommendations to those entrusted to make executive decisions about matters considered material to the organization's cybersecurity & data protection program.,5
Cybersecurity & Data Protection Governance,Commitment To Continual Improvements,GOV-01.3,"Mechanisms exist to commit appropriate resources needed for continual improvement of the organization's cybersecurity & data privacy program, including:
(1) Staffing;
(2) Budget;
(3) Processes; and
(4) Technologies.",7
Cybersecurity & Data Protection Governance,Publishing Cybersecurity & Data Protection Documentation ,GOV-02,"Mechanisms exist to establish, maintain and disseminate cybersecurity & data protection policies, standards and procedures.",10
Cybersecurity & Data Protection Governance,Exception Management,GOV-02.1,"Mechanisms exist to prohibit exceptions to standards, except when the exception has been formally assessed for risk impact, approved and recorded.",8
Cybersecurity & Data Protection Governance,Periodic Review & Update of Cybersecurity & Data Protection Program,GOV-03,"Mechanisms exist to review the cybersecurity & data protection program, including policies, standards and procedures, at planned intervals or if significant changes occur to ensure their continuing suitability, adequacy and effectiveness. ",7
Cybersecurity & Data Protection Governance,Assigned Cybersecurity & Data Protection Responsibilities ,GOV-04,"Mechanisms exist to assign one or more qualified individuals with the mission and resources to centrally-manage, coordinate, develop, implement and maintain an enterprise-wide cybersecurity & data protection program. ",10
Cybersecurity & Data Protection Governance,Stakeholder Accountability Structure,GOV-04.1,"Mechanisms exist to enforce an accountability structure so that appropriate teams and individuals are empowered, responsible and trained for mapping, measuring and managing data and technology-related risks.",8
Cybersecurity & Data Protection Governance,Authoritative Chain of Command,GOV-04.2,Mechanisms exist to establish an authoritative chain of command with clear lines of communication to remove ambiguity from individuals and teams related to managing data and technology-related risks.,7
Cybersecurity & Data Protection Governance,Measures of Performance ,GOV-05,"Mechanisms exist to develop, report and monitor cybersecurity & data privacy program measures of performance.",6
Cybersecurity & Data Protection Governance,Key Performance Indicators (KPIs),GOV-05.1,"Mechanisms exist to develop, report and monitor Key Performance Indicators (KPIs) to assist organizational management in performance monitoring and trend analysis of the cybersecurity & data privacy program.",6
Cybersecurity & Data Protection Governance,Key Risk Indicators (KRIs),GOV-05.2,"Mechanisms exist to develop, report and monitor Key Risk Indicators (KRIs) to assist senior management in performance monitoring and trend analysis of the cybersecurity & data privacy program.",6
Cybersecurity & Data Protection Governance,Contacts With Authorities ,GOV-06,Mechanisms exist to identify and document appropriate contacts with relevant law enforcement and regulatory bodies.,5
Cybersecurity & Data Protection Governance,Contacts With Groups & Associations ,GOV-07,"Mechanisms exist to establish contact with selected groups and associations within the cybersecurity & data privacy communities to: 
(1) Facilitate ongoing cybersecurity & data privacy education and training for organizational personnel;
(2) Maintain currency with recommended cybersecurity & data privacy practices, techniques and technologies; and
(3) Share current cybersecurity and/or data privacy-related information including threats, vulnerabilities and incidents.
",7
Cybersecurity & Data Protection Governance,Defining Business Context & Mission,GOV-08,Mechanisms exist to define the context of its business model and document the organization's mission.,5
Cybersecurity & Data Protection Governance,Define Control Objectives,GOV-09,"Mechanisms exist to establish control objectives as the basis for the selection, implementation and management of the organization's internal control system.",5
Cybersecurity & Data Protection Governance,Data Governance,GOV-10,"Mechanisms exist to facilitate data governance to oversee the organization's policies, standards and procedures so that sensitive/regulated data is effectively managed and maintained in accordance with applicable statutory, regulatory and contractual obligations.",9
Cybersecurity & Data Protection Governance,Purpose Validation,GOV-11,Mechanisms exist to monitor mission/business-critical services or functions to ensure those resources are being used consistent with their intended purpose.,5
Cybersecurity & Data Protection Governance,Forced Technology Transfer (FTT),GOV-12,"Mechanisms exist to avoid and/or constrain the forced exfiltration of sensitive / regulated information (e.g., Intellectual Property (IP)) to the host government for purposes of market access or market management practices.",10
Cybersecurity & Data Protection Governance,State-Sponsored Espionage,GOV-13,Mechanisms exist to constrain the host government's ability to leverage the organization's technology assets for economic or political espionage and/or cyberwarfare activities. ,10
Cybersecurity & Data Protection Governance,Business As Usual (BAU) Secure Practices,GOV-14,Mechanisms exist to incorporate cybersecurity & data privacy principles into Business As Usual (BAU) practices through executive leadership involvement.,6
Cybersecurity & Data Protection Governance,Operationalizing Cybersecurity & Data Protection Practices,GOV-15,"Mechanisms exist to compel data and/or process owners to operationalize cybersecurity & data privacy practices for each system, application and/or service under their control.",9
Cybersecurity & Data Protection Governance,Select Controls,GOV-15.1,"Mechanisms exist to compel data and/or process owners to select required cybersecurity & data privacy controls for each system, application and/or service under their control.",8
Cybersecurity & Data Protection Governance,Implement Controls,GOV-15.2,"Mechanisms exist to compel data and/or process owners to implement required cybersecurity & data privacy controls for each system, application and/or service under their control.",9
Cybersecurity & Data Protection Governance,Assess Controls,GOV-15.3,"Mechanisms exist to compel data and/or process owners to assess if required cybersecurity & data privacy controls for each system, application and/or service under their control are implemented correctly and are operating as intended.",8
Cybersecurity & Data Protection Governance,"Authorize Systems, Applications & Services",GOV-15.4,"Mechanisms exist to compel data and/or process owners to obtain authorization for the production use of each system, application and/or service under their control.",8
Cybersecurity & Data Protection Governance,Monitor Controls,GOV-15.5,"Mechanisms exist to compel data and/or process owners to monitor systems, applications and/or services under their control on an ongoing basis for applicable threats and risks, as well as to ensure cybersecurity & data privacy controls are operating as intended.",8
Cybersecurity & Data Protection Governance,Materiality Determination,GOV-16,Mechanisms exist to define materiality threshold criteria capable of designating an incident as material.,7
Cybersecurity & Data Protection Governance,Material Risks,GOV-16.1,Mechanisms exist to define criteria necessary to designate a risk as a material risk.,7
Cybersecurity & Data Protection Governance,Material Threats,GOV-16.2,Mechanisms exist to define criteria necessary to designate a threat as a material threat.,7
Cybersecurity & Data Protection Governance,Cybersecurity & Data Privacy Status Reporting,GOV-17,"Mechanisms exist to submit status reporting of the organization's cybersecurity and/or data privacy program to applicable statutory and/or regulatory authorities, as required.",8
Cybersecurity & Data Protection Governance,Quality Management System (QMS),GOV-18,"Mechanisms exist to govern a Quality Management System (QMS) to ensure cybersecurity and data protection processes conform with applicable statutory, regulatory and/or contractual obligations.",4
Artificial & Autonomous Technologies,Artificial Intelligence (AI) & Autonomous Technologies Governance,AAT-01,"Mechanisms exist to ensure policies, processes, procedures and practices related to the mapping, measuring and managing of Artificial Intelligence (AI) and Autonomous Technologies (AAT)-related risks are in place, transparent and implemented effectively.",10
Artificial & Autonomous Technologies,AI & Autonomous Technologies-Related Legal Requirements Definition,AAT-01.1,"Mechanisms exist to identify, understand, document and manage applicable statutory and regulatory requirements for Artificial Intelligence (AI) and Autonomous Technologies (AAT).",8
Artificial & Autonomous Technologies,Trustworthy AI & Autonomous Technologies,AAT-01.2,"Mechanisms exist to ensure Artificial Intelligence (AI) and Autonomous Technologies (AAT) are designed to be reliable, safe, fair, secure, resilient, transparent, explainable and data privacy-enhanced to minimize emergent properties or unintended consequences.",10
Artificial & Autonomous Technologies,AI & Autonomous Technologies Value Sustainment,AAT-01.3,Mechanisms exist to sustain the value of deployed Artificial Intelligence (AI) and Autonomous Technologies (AAT).,1
Artificial & Autonomous Technologies,Situational Awareness of AI & Autonomous Technologies,AAT-02,Mechanisms exist to develop and maintain an inventory of Artificial Intelligence (AI) and Autonomous Technologies (AAT) (internal and third-party).,9
Artificial & Autonomous Technologies,AI & Autonomous Technologies Risk Mapping,AAT-02.1,"Mechanisms exist to identify Artificial Intelligence (AI) and Autonomous Technologies (AAT) in use and map those components to potential legal risks, including statutory and regulatory compliance requirements.",9
Artificial & Autonomous Technologies,AI & Autonomous Technologies Internal Controls,AAT-02.2,Mechanisms exist to identify and document internal cybersecurity & data privacy controls for Artificial Intelligence (AI) and Autonomous Technologies (AAT).,9
Artificial & Autonomous Technologies,Adequate Protections For AI & Autonomous Technologies,AAT-02.3,Mechanisms exist to ensure Artificial Intelligence (AI) and Autonomous Technologies (AAT) include reasonable cybersecurity and data protections that are commensurate with assessed risks and threats.,10
Artificial & Autonomous Technologies,AI & Autonomous Technologies Context Definition,AAT-03,"Mechanisms exist to establish and document the context surrounding Artificial Intelligence (AI) and Autonomous Technologies (AAT), including:
(1) Intended purposes;
(2) Potentially beneficial uses;
(3) Context-specific laws and regulations;
(4) Norms and expectations; and
(5) Prospective settings in which the system(s) will be deployed.",8
Artificial & Autonomous Technologies,AI & Autonomous Technologies Mission and Goals Definition,AAT-03.1,Mechanisms exist to define and document the organization's mission and defined goals for Artificial Intelligence (AI) and Autonomous Technologies (AAT).,8
Artificial & Autonomous Technologies,AI & Autonomous Technologies Business Case,AAT-04,"Mechanisms exist to benchmark capabilities, targeted usage, goals and expected benefits and costs of Artificial Intelligence (AI) and Autonomous Technologies (AAT).",8
Artificial & Autonomous Technologies,AI & Autonomous Technologies Potential Benefits Analysis,AAT-04.1,Mechanisms exist to assess the potential benefits of proposed Artificial Intelligence (AI) and Autonomous Technologies (AAT).,2
Artificial & Autonomous Technologies,AI & Autonomous Technologies Potential Costs Analysis,AAT-04.2,"Mechanisms exist to assess potential costs, including non-monetary costs, resulting from expected or realized Artificial Intelligence (AI) and Autonomous Technologies (AAT)-related errors or system functionality and trustworthiness.",2
Artificial & Autonomous Technologies,AI & Autonomous Technologies Targeted Application Scope,AAT-04.3,Mechanisms exist to specify and document the targeted application scope of the proposed use and operation of Artificial Intelligence (AI) and Autonomous Technologies (AAT).,8
Artificial & Autonomous Technologies,AI & Autonomous Technologies Cost / Benefit Mapping,AAT-04.4,"Mechanisms exist to map risks and benefits for all components of Artificial Intelligence (AI) and Autonomous Technologies (AAT), including third-party software and data.",2
Artificial & Autonomous Technologies,AI & Autonomous Technologies Training,AAT-05,Mechanisms exist to ensure personnel and external stakeholders are provided with position-specific risk management training for Artificial Intelligence (AI) and Autonomous Technologies (AAT).,5
Artificial & Autonomous Technologies,AI & Autonomous Technologies Fairness & Bias,AAT-06,"Mechanisms exist to prevent Artificial Intelligence (AI) and Autonomous Technologies (AAT) from unfairly identifying, profiling and/or statistically singling out a segmented population defined by race, religion, gender identity, national origin, religion, disability or any other politically-charged identifier.",9
Artificial & Autonomous Technologies,AI & Autonomous Technologies Risk Management Decisions,AAT-07,"Mechanisms exist to leverage decision makers from a diversity of demographics, disciplines, experience, expertise and backgrounds for mapping, measuring and managing Artificial Intelligence (AI) and Autonomous Technologies (AAT)-related risks.",10
Artificial & Autonomous Technologies,AI & Autonomous Technologies Impact Assessment,AAT-07.1,"Mechanisms exist to assess the impact(s) of proposed Artificial Intelligence (AI) and Autonomous Technologies (AAT) on individuals, groups, communities, organizations and society (e.g., Fundamental Rights Impact Assessment (FRIA)).",8
Artificial & Autonomous Technologies,AI & Autonomous Technologies Likelihood & Impact Risk Analysis,AAT-07.2,Mechanisms exist to define the potential likelihood and impact of each identified risk based on expected use and past uses of Artificial Intelligence (AI) and Autonomous Technologies (AAT) in similar contexts.,10
Artificial & Autonomous Technologies,AI & Autonomous Technologies Continuous Improvements,AAT-07.3,Mechanisms exist to continuously improve Artificial Intelligence (AI) and Autonomous Technologies (AAT) capabilities to maximize benefits and minimize negative impacts associated with AAT.,8
Artificial & Autonomous Technologies,Assigned Responsibilities for AI & Autonomous Technologies,AAT-08,"Mechanisms exist to define and differentiate roles and responsibilities for:
(1) Artificial Intelligence (AI) and Autonomous Technologies (AAT) configurations; and
(2) Oversight of AAT systems.",9
Artificial & Autonomous Technologies,AI & Autonomous Technologies Risk Profiling,AAT-09,"Mechanisms exist to document the risks and potential impacts of Artificial Intelligence (AI) and Autonomous Technologies (AAT) that are:
(1) Designed;
(2) Developed;
(3) Deployed;
(4) Evaluated; and/or
(5) Used.",9
Artificial & Autonomous Technologies,AI & Autonomous Technologies High Risk Designations,AAT-09.1,"Mechanisms exist to designate Artificial Intelligence (AI) and Autonomous Technologies (AAT) ""High Risk"" if one(1), or more, of the following criteria are met:
(1) AAT is used as a safety component of a product or service;
(2) AAT poses a significant risk of harm to an individual's health, safety or fundamental rights; and/or
(3) AAT materially influences the outcome of an individual's decision making.",7
Artificial & Autonomous Technologies,"Artificial Intelligence Test, Evaluation, Validation & Verification (AI TEVV) ",AAT-10,"Mechanisms exist to implement Artificial Intelligence Test, Evaluation, Validation & Verification (AI TEVV) practices to enable Artificial Intelligence (AI) and Autonomous Technologies (AAT)-related security, resilience and compliance-related conformity testing throughout the lifecycle of the AAT.",10
Artificial & Autonomous Technologies,AI TEVV Trustworthiness Assessment,AAT-10.1,"Mechanisms exist to evaluate Artificial Intelligence (AI) and Autonomous Technologies (AAT) for trustworthy behavior and operation including security, anonymization and disaggregation of captured and stored data for approved purposes.",10
Artificial & Autonomous Technologies,AI TEVV Tools,AAT-10.2,"Mechanisms exist to document test sets, metrics and details about the tools used during Artificial Intelligence Test, Evaluation, Validation & Verification (AI TEVV) practices.",7
Artificial & Autonomous Technologies,AI TEVV Trustworthiness Demonstration,AAT-10.3,"Mechanisms exist to demonstrate the Artificial Intelligence (AI) and Autonomous Technologies (AAT) to be deployed are:
(1) Valid;
(2) Reliable; and
(3) Operate as intended, based on approved designs.",9
Artificial & Autonomous Technologies,AI TEVV Safety Demonstration,AAT-10.4,"Mechanisms exist to demonstrate the Artificial Intelligence (AI) and Autonomous Technologies (AAT) to be deployed are safe, residual risk does not exceed the organization's risk tolerance and can fail safely, particularly if made to operate beyond its knowledge limits.",10
Artificial & Autonomous Technologies,AI TEVV Security & Resiliency Assessment,AAT-10.5,Mechanisms exist to evaluate the security and resilience of Artificial Intelligence (AI) and Autonomous Technologies (AAT) to be deployed.,6
Artificial & Autonomous Technologies,AI TEVV Transparency & Accountability Assessment,AAT-10.6,Mechanisms exist to examine risks associated with transparency and accountability of Artificial Intelligence (AI) and Autonomous Technologies (AAT) to be deployed.,7
Artificial & Autonomous Technologies,AI TEVV Privacy Assessment,AAT-10.7,Mechanisms exist to examine the data privacy risk of Artificial Intelligence (AI) and Autonomous Technologies (AAT) to be deployed.,9
Artificial & Autonomous Technologies,AI TEVV Fairness & Bias Assessment,AAT-10.8,Mechanisms exist to examine fairness and bias of Artificial Intelligence (AI) and Autonomous Technologies (AAT) to be deployed.,9
Artificial & Autonomous Technologies,AI & Autonomous Technologies Model Validation,AAT-10.9,Mechanisms exist to validate the Artificial Intelligence (AI) and Autonomous Technologies (AAT) model.,5
Artificial & Autonomous Technologies,AI TEVV Results Evaluation,AAT-10.10,"Mechanisms exist to evaluate the results of Artificial Intelligence Test, Evaluation, Validation & Verification (AI TEVV) to determine the viability of the proposed Artificial Intelligence (AI) and Autonomous Technologies (AAT).",10
Artificial & Autonomous Technologies,AI TEVV Effectiveness,AAT-10.11,"Mechanisms exist to evaluate the effectiveness of the processes utilized to perform Artificial Intelligence Test, Evaluation, Validation & Verification (AI TEVV).",5
Artificial & Autonomous Technologies,AI TEVV Comparable Deployment Settings,AAT-10.12,Mechanisms exist to evaluate Artificial Intelligence (AI) and Autonomous Technologies (AAT)-related performance or the assurance criteria demonstrated for conditions similar to deployment settings.,5
Artificial & Autonomous Technologies,AI TEVV Post-Deployment Monitoring,AAT-10.13,Mechanisms exist to proactively and continuously monitor deployed Artificial Intelligence (AI) and Autonomous Technologies (AAT).,9
Artificial & Autonomous Technologies,Updating AI & Autonomous Technologies,AAT-10.14,Mechanisms exist to integrate continual improvements for deployed Artificial Intelligence (AI) and Autonomous Technologies (AAT).,9
Artificial & Autonomous Technologies,AI TEVV Reporting,AAT-10.15,"Mechanisms exist to report the status and results of Artificial Intelligence Test, Evaluation, Validation & Verification (AI TEVV) to relevant stakeholders, including governing bodies, as required.",5
Artificial & Autonomous Technologies,AI TEVV Empirically Validated Methods,AAT-10.16,Mechanisms exist to evaluate claims of Artificial Intelligence (AI) and Autonomous Technologies (AAT) model capabilities using empirically validated methods.,1
Artificial & Autonomous Technologies,AI TEVV Benchmarking Content Provenance,AAT-10.17,Mechanisms exist to benchmark the verifiable lineage and origin of content used by Artificial Intelligence (AI) and Autonomous Technologies (AAT) according to industry-recognized standards.,7
Artificial & Autonomous Technologies,AI TEVV Model Collapse Mitigations,AAT-10.18,"Mechanisms exist to mitigate concerns of model collapse by:
(1) Assessing the proportion of synthetic to non-synthetic training data; and
(2) Verifying training data is not overly homogenous or Artificial Intelligence (AI) and Autonomous Technologies (AAT) system-produced.",8
Artificial & Autonomous Technologies,Robust Stakeholder Engagement for AI & Autonomous Technologies,AAT-11,"Mechanisms exist to compel ongoing engagement with relevant Artificial Intelligence (AI) and Autonomous Technologies (AAT) stakeholders to encourage feedback about positive, negative and unanticipated impacts.",9
Artificial & Autonomous Technologies,AI & Autonomous Technologies Stakeholder Feedback Integration,AAT-11.1,"Mechanisms exist to regularly collect, consider, prioritize and integrate risk-related feedback from those external to the team that developed or deployed Artificial Intelligence (AI) and Autonomous Technologies (AAT).",9
Artificial & Autonomous Technologies,AI & Autonomous Technologies Ongoing Assessments,AAT-11.2,Mechanisms exist to conduct regular assessments of Artificial Intelligence (AI) and Autonomous Technologies (AAT) with independent assessors and stakeholders not involved in the development of the AAT.,9
Artificial & Autonomous Technologies,AI & Autonomous Technologies End User Feedback,AAT-11.3,Mechanisms exist to collect and integrate feedback from end users and impacted communities into Artificial Intelligence (AI) and Autonomous Technologies (AAT)-related system evaluation metrics.,7
Artificial & Autonomous Technologies,AI & Autonomous Technologies Incident & Error Reporting,AAT-11.4,"Mechanisms exist to communicate Artificial Intelligence (AI) and Autonomous Technologies (AAT)-related incidents and/or errors to relevant stakeholders, including affected communities. ",9
Artificial & Autonomous Technologies,AI & Autonomous Technologies Intellectual Property Infringement Protections,AAT-12,Mechanisms exist to prevent third-party Intellectual Property (IP) rights infringement by Artificial Intelligence (AI) and Autonomous Technologies (AAT).,10
Artificial & Autonomous Technologies,Data Source Identification,AAT-12.1,Mechanisms exist to identify and document data sources utilized in the training and/or operation of Artificial Intelligence and Autonomous Technologies (AAT).,10
Artificial & Autonomous Technologies,Data Source Integrity,AAT-12.2,"Mechanisms exist to protect the integrity of source data to prevent accidental contamination or malicious corruption (e.g., data poisoning) that could compromise the performance of Artificial Intelligence and Autonomous Technologies (AAT).",10
Artificial & Autonomous Technologies,Data Source Lineage & Origin Disclosure,AAT-12.3,"Mechanisms exist to ensure Artificial Intelligence and Autonomous Technologies (AAT) publicly disclose information with sufficient detail to assess:
(1) Content lineage; and 
(2) The origin of data used by the AAT.",9
Artificial & Autonomous Technologies,Digital Content Modification Logging,AAT-12.4,"Mechanisms exist to ensure Artificial Intelligence and Autonomous Technologies (AAT):
(1) Enable auditing of content modifications; and 
(2) Generate event logs for content-related changes.",9
Artificial & Autonomous Technologies,AI & Autonomous Technologies Stakeholder Diversity,AAT-13,"Mechanisms exist to ensure Artificial Intelligence (AI) and Autonomous Technologies (AAT) stakeholder competencies, skills and capacities incorporate demographic diversity, broad domain and user experience expertise.",8
Artificial & Autonomous Technologies,AI & Autonomous Technologies Stakeholder Competencies,AAT-13.1,"Mechanisms exist to ensure Artificial Intelligence (AI) and Autonomous Technologies (AAT)-related operator and practitioner proficiency requirements for Artificial Intelligence (AI) and Autonomous Technologies (AAT) are defined, assessed and documented.",9
Artificial & Autonomous Technologies,AI & Autonomous Technologies Requirements Definitions,AAT-14,Mechanisms exist to take socio-technical implications into account to address risks associated with Artificial Intelligence (AI) and Autonomous Technologies (AAT).,8
Artificial & Autonomous Technologies,AI & Autonomous Technologies Implementation Tasks Definition,AAT-14.1,"Mechanisms exist to define the tasks that Artificial Intelligence (AI) and Autonomous Technologies (AAT) will support (e.g., classifiers, generative models, recommenders).",8
Artificial & Autonomous Technologies,AI & Autonomous Technologies Knowledge Limits,AAT-14.2,Mechanisms exist to identify and document knowledge limits of Artificial Intelligence (AI) and Autonomous Technologies (AAT) to provide sufficient information to assist relevant stakeholder decision making.,10
Artificial & Autonomous Technologies,AI & Autonomous Technologies Viability Decisions,AAT-15,Mechanisms exist to define the criteria as to whether Artificial Intelligence (AI) and Autonomous Technologies (AAT) achieved intended purposes and stated objectives to determine whether its development or deployment should proceed.,10
Artificial & Autonomous Technologies,AI & Autonomous Technologies Negative Residual Risks,AAT-15.1,"Mechanisms exist to identify and document negative, residual risks (defined as the sum of all unmitigated risks) to both downstream acquirers and end users of Artificial Intelligence (AI) and Autonomous Technologies (AAT).",9
Artificial & Autonomous Technologies,"Responsibility To Supersede, Deactivate and/or Disengage AI & Autonomous Technologies",AAT-15.2,"Mechanisms exist to define the criteria and responsible party(ies) for superseding, disengaging or deactivating Artificial Intelligence (AI) and Autonomous Technologies (AAT) that demonstrate performance or outcomes inconsistent with intended use.",10
Artificial & Autonomous Technologies,AI & Autonomous Technologies Production Monitoring,AAT-16,Mechanisms exist to monitor the functionality and behavior of the deployed Artificial Intelligence (AI) and Autonomous Technologies (AAT).,9
Artificial & Autonomous Technologies,AI & Autonomous Technologies Measurement Approaches,AAT-16.1,"Mechanisms exist to measure Artificial Intelligence (AI) and Autonomous Technologies (AAT)-related risks to deployment context(s) through review and consultation with industry experts, domain specialists and end users.",8
Artificial & Autonomous Technologies,Measuring AI & Autonomous Technologies Effectiveness,AAT-16.2,"Mechanisms exist to regularly assess the effectiveness of existing controls, including reports of errors and potential impacts on affected communities.",5
Artificial & Autonomous Technologies,Unmeasurable AI & Autonomous Technologies Risks,AAT-16.3,Mechanisms exist to identify and document unmeasurable risks or trustworthiness characteristics.,7
Artificial & Autonomous Technologies,Efficacy of AI & Autonomous Technologies Measurement,AAT-16.4,Mechanisms exist to gather and assess feedback about the efficacy of Artificial Intelligence (AI) and Autonomous Technologies (AAT)-related measurements.,5
Artificial & Autonomous Technologies,AI & Autonomous Technologies Domain Expert Reviews,AAT-16.5,"Mechanisms exist to utilize input from domain experts and relevant stakeholders to validate whether the Artificial Intelligence (AI) and Autonomous Technologies (AAT) perform consistently, as intended.",8
Artificial & Autonomous Technologies,AI & Autonomous Technologies Performance Changes,AAT-16.6,Mechanisms exist to evaluate performance improvements or declines with domain experts and relevant stakeholders to define context-relevant risks and trustworthiness issues.,10
Artificial & Autonomous Technologies,Pre-Trained AI & Autonomous Technologies Models,AAT-16.7,"Mechanisms exist to validate the information source(s) and quality of pre-trained models used in Artificial Intelligence (AI) and Autonomous Technologies (AAT) training, maintenance and improvement-related activities.",8
Artificial & Autonomous Technologies,AI & Autonomous Technologies Event Logging,AAT-16.8,"Mechanisms exist to ensure Artificial Intelligence (AI) and Autonomous Technologies (AAT) system event logging capabilities at a minimum provide:
(1) Start date, start time, end date and end time for each use;
(2) Database(s) against which input data has been checked by the system;
(3) Input data for which the search has led to a match; and
(4) Identification of individual(s) involved in the verification of the results.",7
Artificial & Autonomous Technologies,Serious Incident Reporting For AI & Autonomous Technologies,AAT-16.9,"Mechanisms exist to report any serious incident involving operational Artificial Intelligence (AI) and Autonomous Technologies (AAT) to relevant authorities as to when and where the serious incident occurred, in accordance with mandated reporting timelines.",5
Artificial & Autonomous Technologies,Serious Incident Root Cause Analysis (RCA) For AI & Autonomous Technologies,AAT-16.10,"Mechanisms exist to perform an investigation when there is a serious incident involving operational Artificial Intelligence (AI) and Autonomous Technologies (AAT) that documents a:
(1) Root Cause Analysis (RCA);
(2) Risk assessment of the incident; and 
(3) Description of corrective actions taken, including measures implemented to prevent a recurrence of the incident.",8
Artificial & Autonomous Technologies,AI & Autonomous Technologies Harm Prevention,AAT-17,"Mechanisms exist to proactively prevent harm by regularly identifying and tracking existing, unanticipated and emergent Artificial Intelligence (AI) and Autonomous Technologies (AAT)-related risks.",10
Artificial & Autonomous Technologies,AI & Autonomous Technologies Human Subject Protections,AAT-17.1,Mechanisms exist to protect human subjects from harm.,10
Artificial & Autonomous Technologies,AI & Autonomous Technologies Environmental Impact & Sustainability,AAT-17.2,Mechanisms exist to assess and document the environmental impacts and sustainability of Artificial Intelligence (AI) and Autonomous Technologies (AAT).,9
Artificial & Autonomous Technologies,Previously Unknown AI & Autonomous Technologies Threats & Risks,AAT-17.3,Mechanisms exist to respond to and recover from a previously unknown Artificial Intelligence (AI) and Autonomous Technologies (AAT)-related risk when it is identified.,9
Artificial & Autonomous Technologies,Novel Risk Assessment Methods & Technologies,AAT-17.4,"Mechanisms exist to utilize novel methods and technologies for the measurement of Artificial Intelligence (AI) and Autonomous Technologies (AAT)-related risks to evaluate, if applicable:
(1) Content provenance;
(2) Oﬀensive cyber capabilities; 
(3) Chemical, Biological, Radiological or Nuclear (CBRN) weapons; and/or 
(4) Other dangerous materials or agents.",7
Artificial & Autonomous Technologies,Fine Tuning Risk Mitigation,AAT-17.5,Mechanisms exist to ensure actions to fine-tune Artificial Intelligence (AI) and Autonomous Technologies (AAT) do not compromise existing safety and/or security controls.,9
Artificial & Autonomous Technologies,AI & Autonomous Technologies Risk Tracking Approaches,AAT-18,Mechanisms exist to track Artificial Intelligence (AI) and Autonomous Technologies (AAT)-related risks are difficult to assess using currently available measurement techniques or where metrics are not yet available.,9
Artificial & Autonomous Technologies,AI & Autonomous Technologies Risk Response,AAT-18.1,"Mechanisms exist to prioritize, respond to and remediate Artificial Intelligence (AI) and Autonomous Technologies (AAT)-related risks based on assessments and other analytical output.",10
Artificial & Autonomous Technologies,AI & Autonomous Technologies Conformity,AAT-19,"Mechanisms exist to ensure deployed Artificial Intelligence (AI) and Autonomous Technologies (AAT) conform to applicable statutory and regulatory requirements, based on:
(1) Defined use cases;
(2) Geographic markets; and
(3) Use of Intellectual Property (IP).",9
Artificial & Autonomous Technologies,Manipulative or Deceptive Techniques,AAT-19.1,"Mechanisms exist to prohibit the sale, deployment and/or use of Artificial Intelligence (AI) and Autonomous Technologies (AAT) that utilize manipulative or deceptive techniques (including biased data) to impair an individual's ability to make a reasonably informed decision.",9
Artificial & Autonomous Technologies,Materially Distorting Behaviors,AAT-19.2,"Mechanisms exist to prohibit the sale, deployment and/or use of Artificial Intelligence (AI) and Autonomous Technologies (AAT) that exploit a human subject to materially affect a targeted behavior due to their:
(1) Age;
(2) Disability; or 
(3) Specific social or economic situation.",9
Artificial & Autonomous Technologies,Social Scoring,AAT-19.3,"Mechanisms exist to prohibit the sale, deployment and/or use of Artificial Intelligence (AI) and Autonomous Technologies (AAT) that: 
(1) Evaluate human subjects over a certain period of time based on their social behavior or known, inferred or predicted personal or personality characteristics; and
(2) Assign a ""social score"" branding or equivalent classification.",9
Artificial & Autonomous Technologies,Detrimental or Unfavorable Treatment,AAT-19.4,"Mechanisms exist to prohibit the sale, deployment and/or use of Artificial Intelligence (AI) and Autonomous Technologies (AAT) that lead to the detrimental or unfavorable treatment of certain data subjects, or groups of data subjects, in social contexts that is:
(1) Are unrelated to the contexts in which the data was originally generated or collected; and/or
(2) Is unjustified or disproportionate to their social behavior or its gravity.",9
Artificial & Autonomous Technologies,Risk and Criminal Profiling,AAT-19.5,"Mechanisms exist to prohibit the sale, deployment and/or use of Artificial Intelligence (AI) and Autonomous Technologies (AAT) that:
(1) Assess the risk of an individual committing a criminal offence; and
(2) Predicts risk based solely on the profiling of personality traits and characteristics.",4
Artificial & Autonomous Technologies,Populating Facial Recognition Databases,AAT-19.6,"Mechanisms exist to prohibit the sale, deployment and/or use of Artificial Intelligence (AI) and Autonomous Technologies (AAT) that create, or expand, facial recognition databases through scraping facial images from:
(1) The Internet; or 
(2) Closed-Circuit Television (CCTV) footage.",9
Artificial & Autonomous Technologies,Emotion Inference,AAT-19.7,"Mechanisms exist to prohibit the sale, deployment and/or use of Artificial Intelligence (AI) and Autonomous Technologies (AAT) that infer human emotions of an individual based on observed characteristics.",5
Artificial & Autonomous Technologies,Biometric Categorization,AAT-19.8,"Mechanisms exist to prohibit the sale, deployment and/or use of Artificial Intelligence (AI) and Autonomous Technologies (AAT) that categorize an individual based on their biometric data to deduce, or infer, the individual's:
(1) Race; 
(2) Political opinions;
(3) Trade union membership;
(4) Religious or philosophical beliefs; 
(5) Sex life or sexual orientation; and/or
(6) Age.",5
Artificial & Autonomous Technologies,AI & Autonomous Technologies Development Practices,AAT-20,"Measures exist to ensure Artificial Intelligence (AI) and Autonomous Technologies (AAT) are designed and developed to:
(1) Achieve an appropriate level of accuracy, robustness, and cybersecurity; 
(2) Perform consistently in those respects throughout the AAT system's lifecycle; and
(3) Be effectively overseen by competent individuals.",10
Artificial & Autonomous Technologies,AI & Autonomous Technologies Transparency,AAT-20.1,Mechanisms exist to ensure Artificial Intelligence (AI) and Autonomous Technologies (AAT) are designed and developed so its operation is sufficiently transparent such that output can be easily interpreted by personnel implementing the AAT.,9
Artificial & Autonomous Technologies,AI & Autonomous Technologies Implementation Documentation,AAT-20.2,"Mechanisms exist to ensure Artificial Intelligence (AI) and Autonomous Technologies (AAT) include clear and concise documentation that is relevant, accessible and comprehensible to personnel implementing and maintaining the AAT that, at a minimum, provides: 
(1) Contact details of the provider; 
(2) Characteristics, capabilities and limitations of performance of the AAT;
(3) Errata from the AAT's initial conformity assessment;
(4) Details necessary to interpret the outputs of the AAT;
(5) Human oversight measures necessary to facilitate the interpretation of the outputs of the AAT;
(6) Computational and hardware resources needed to operate the AAT;
(7) Projected useable lifetime of the AAT; and
(8) A description of the mechanisms included within the AAT system to properly collect, store and interpret event logs.",9
Artificial & Autonomous Technologies,AI & Autonomous Technologies Human Domain Knowledge Reliance,AAT-20.3,"Mechanisms exist to document the extent to which human domain knowledge is employed to improve Artificial Intelligence (AI) and Autonomous Technologies (AAT) performance including:
(1) Reinforcement Learning from Human Feedback (RLHF);
(2) Fine-tuning;
(3) Retrieval- augmented generation;
(4) Content moderation; and
(5) Business rules.",5
Artificial & Autonomous Technologies,AI & Autonomous Technologies Registration,AAT-21,"Mechanisms exist to maintain a current registration for Artificial Intelligence (AI) and Autonomous Technologies (AAT) with the appropriate governing body, as required by statutory or regulatory requirements.",4
Artificial & Autonomous Technologies,AI & Autonomous Technologies Deployment,AAT-22,Mechanisms exist to ensure the deployment of Artificial Intelligence (AI) and Autonomous Technologies (AAT) includes appropriate technical and organizational measures so that AAT are used in accordance with the AAT developer-provided instructions for use.,8
Artificial & Autonomous Technologies,AI & Autonomous Technologies Human Oversight,AAT-22.1,"Mechanisms exist to assign human oversight of Artificial Intelligence (AI) and Autonomous Technologies (AAT) to prevent or minimize the risks to:
(1) Health; 
(2) Safety; and/or 
(3) Fundamental rights.",9
Artificial & Autonomous Technologies,AI & Autonomous Technologies Oversight Measures,AAT-22.2,"Mechanisms exist to ensure Artificial Intelligence (AI) and Autonomous Technologies (AAT) oversight measures are commensurate with the:
(1) Assessed risk(s); 
(2) Level of autonomy; and 
(3) Context of use.",9
Artificial & Autonomous Technologies,AI & Autonomous Technologies Separate Verification,AAT-22.3,"Mechanisms exist to ensure no action or decision is taken by the deployer of an Artificial Intelligence (AI) and Autonomous Technologies (AAT) based solely based on AAT-generated evidence, unless that evidence has been separately verified and confirmed by at least two (2) individuals with the necessary competence, training and authority.",9
Artificial & Autonomous Technologies,AI & Autonomous Technologies Oversight Functions Competency,AAT-22.4,"Mechanisms exist to ensure the deployment of Artificial Intelligence (AI) and Autonomous Technologies (AAT) assigns human oversight to individuals who have the necessary:
(1) Competence;
(2) Training;
(3) Authority; and
(4) Resources.",9
Artificial & Autonomous Technologies,AI & Autonomous Technologies Data Relevance,AAT-22.5,Mechanisms exist to ensure the input to Artificial Intelligence (AI) and Autonomous Technologies (AAT) is relevant to the intended purpose of the AAT.,5
Artificial & Autonomous Technologies,AI & Autonomous Technologies Irregularity Reporting,AAT-22.6,"Mechanisms exist to ensure serious incidents and/or irregularities associated with the deployment of Artificial Intelligence (AI) and Autonomous Technologies (AAT) are reported without delay to the:
(1) AAT provider;
(2) AAT importer or distributor, if applicable; and/or
(3) Local law authorities and/or governmental agency, as required.",8
Artificial & Autonomous Technologies,AI & Autonomous Technologies Use Notification To Employees,AAT-22.7,"Mechanisms exist to ensure employees, including workers' representatives, are informed about Artificial Intelligence (AI) and Autonomous Technologies (AAT) deployments, prior to the use of the AAT in a production environment.",5
Artificial & Autonomous Technologies,AI & Autonomous Technologies Use Notification To Users,AAT-22.8,"Mechanisms exist to ensure Artificial Intelligence (AI) and Autonomous Technologies (AAT) that make decisions, or assist in making decisions, inform the people in a clear manner that they are:
(1) Utilizing an AAT solution; and
(2) Expected to validate the output for relevance and accuracy.",5
Artificial & Autonomous Technologies,AI & Autonomous Technologies Output Marking,AAT-23,Mechanisms exist to mark output from Artificial Intelligence (AI) and Autonomous Technologies (AAT) in a machine-readable format so it is detectable as artificially generated or manipulated.,5
Artificial & Autonomous Technologies,Real World Testing of AI & Autonomous Technologies,AAT-24,"Mechanisms exist to obtain consent from the subjects of testing Artificial Intelligence (AI) and Autonomous Technologies (AAT):
(1) Prior to their participation in such testing; and
(2) After their having been provided with clear and concise information regarding the testing.",5
Artificial & Autonomous Technologies,AI & Autonomous Technologies System Value Chain,AAT-25,Mechanisms exist to document the sequence of events and relevant stakeholders involved in creating and deploying Artificial Intelligence (AI) and Autonomous Technologies (AAT).,3
Artificial & Autonomous Technologies,AI & Autonomous Technologies System Value Chain Fallbacks,AAT-25.1,"Mechanisms exist to identify:
(1) Over-reliance on third-party data with Artificial Intelligence (AI) and Autonomous Technologies (AAT); and
(2) Fallback methods to address the inability to access third-party data, as necessary.",5
Artificial & Autonomous Technologies,AI & Autonomous Technologies Testing Techniques,AAT-26,Mechanisms exist to develop and implement fact-checking techniques to verify the accuracy and veracity of information generated by Artificial Intelligence (AI) and Autonomous Technologies (AAT).,8
Artificial & Autonomous Technologies,Generative Artificial Intelligence (GAI) Identification,AAT-26.1,"Mechanisms exist to develop and implement testing techniques to identify Generative Artificial Intelligence (GAI) produced content (e.g., synthetic media).",5
Artificial & Autonomous Technologies,AI & Autonomous Technologies Capabilities Testing,AAT-26.2,Mechanisms exist to delineate human proﬁciency tests from tests of Artificial Intelligence (AI) and Autonomous Technologies (AAT) capabilities.,2
Artificial & Autonomous Technologies,Real-World Testing,AAT-26.3,"Mechanisms exist to include relevant end-users, practitioners and operators in Artificial Intelligence (AI) and Autonomous Technologies (AAT) prototyping and testing activities to cover:
(1) Applicable use case scenarios;
(2) Crisis situations; and/or 
(3) Ethically sensitive contexts.",7
Artificial & Autonomous Technologies,Documenting Testing Guidance,AAT-26.4,"Mechanisms exist to document the instructions given to:
(1) Data annotators; and/or 
(2) Artificial Intelligence (AI) and Autonomous Technologies (AAT) red-teamers.",5
Artificial & Autonomous Technologies,AI & Autonomous Technologies Output Filtering,AAT-27,"Mechanisms exist to prevent Artificial Intelligence (AI) and Autonomous Technologies (AAT) from generating content that is:
(1) Inappropriate;
(2) Harmful;
(3) False;
(4) Illegal; and/or
(5) Violent.",5
Artificial & Autonomous Technologies,Human Moderation,AAT-27.1,Mechanisms exist to assign personnel to review Artificial Intelligence (AI) and Autonomous Technologies (AAT)-generated content for alignment with culturally accepted norms.,2
Asset Management,Asset Governance ,AST-01,Mechanisms exist to facilitate an IT Asset Management (ITAM) program to implement and manage asset management controls.,10
Asset Management,Asset-Service Dependencies,AST-01.1,Mechanisms exist to identify and assess the security of technology assets that support more than one critical business function. ,5
Asset Management,Stakeholder Identification & Involvement,AST-01.2,"Mechanisms exist to identify and involve pertinent stakeholders of critical systems, applications and services to support the ongoing secure management of those assets.",5
Asset Management,Standardized Naming Convention,AST-01.3,"Mechanisms exist to implement a scalable, standardized naming convention for systems, applications and services that avoids asset naming conflicts.",5
Asset Management,Approved Technologies,AST-01.4,Mechanisms exist to maintain a current list of approved technologies (hardware and software). ,7
Asset Management,Asset Inventories ,AST-02,"Mechanisms exist to perform inventories of technology assets that:
(1) Accurately reflects the current systems, applications and services in use; 
(2) Identifies authorized software products, including business justification details;
(3) Is at the level of granularity deemed necessary for tracking and reporting;
(4) Includes organization-defined information deemed necessary to achieve effective property accountability; and
(5) Is available for review and audit by designated organizational personnel.",10
Asset Management,Updates During Installations / Removals,AST-02.1,"Mechanisms exist to update asset inventories as part of component installations, removals and asset upgrades. ",7
Asset Management,Automated Unauthorized Component Detection,AST-02.2,"Automated mechanisms exist to detect and alert upon the detection of unauthorized hardware, software and firmware components.",3
Asset Management,Component Duplication Avoidance ,AST-02.3,Mechanisms exist to establish and maintain an authoritative source and repository to provide a trusted source and accountability for approved and implemented system components that prevents assets from being duplicated in other asset inventories.,2
Asset Management,Approved Baseline Deviations,AST-02.4,Mechanisms exist to document and govern instances of approved deviations from established baseline configurations. ,8
Asset Management,Network Access Control (NAC),AST-02.5,"Automated mechanisms exist to employ Network Access Control (NAC), or a similar technology, which is capable of detecting unauthorized devices and disable network access to those unauthorized devices.",4
Asset Management,Dynamic Host Configuration Protocol (DHCP) Server Logging,AST-02.6,Mechanisms exist to enable Dynamic Host Configuration Protocol (DHCP) server logging to improve asset inventories and assist in detecting unknown systems. ,3
Asset Management,Software Licensing Restrictions,AST-02.7,"Mechanisms exist to protect Intellectual Property (IP) rights with software licensing restrictions.
",8
Asset Management,Data Action Mapping,AST-02.8,"Mechanisms exist to create and maintain a map of technology assets where sensitive/regulated data is stored, transmitted or processed.",9
Asset Management,Configuration Management Database (CMDB),AST-02.9,"Mechanisms exist to implement and manage a Configuration Management Database (CMDB), or similar technology, to monitor and govern technology asset-specific information.",5
Asset Management,"Automated Location
Tracking",AST-02.10,Mechanisms exist to track the geographic location of system components.,5
Asset Management,Component Assignment,AST-02.11,Mechanisms exist to bind components to a specific system.,3
Asset Management,Asset Ownership Assignment,AST-03,"Mechanisms exist to ensure asset ownership responsibilities are assigned, tracked and managed at a team, individual, or responsible organization level to establish a common understanding of requirements for asset protection.",8
Asset Management,Accountability Information,AST-03.1,"Mechanisms exist to include capturing the name, position and/or role of individuals responsible/accountable for administering assets as part of the technology asset inventory process.",5
Asset Management,Provenance,AST-03.2,"Mechanisms exist to track the origin, development, ownership, location and changes to systems, system components and associated data.",8
Asset Management,Network Diagrams & Data Flow Diagrams (DFDs),AST-04,"Mechanisms exist to maintain network architecture diagrams that: 
(1) Contain sufficient detail to assess the security of the network's architecture;
(2) Reflect the current architecture of the network environment; and
(3) Document all sensitive/regulated data flows.",10
Asset Management,Asset Scope Classification,AST-04.1,"Mechanisms exist to determine cybersecurity & data privacy control applicability by identifying, assigning and documenting the appropriate asset scope categorization for all systems, applications, services and personnel (internal and third-parties).",8
Asset Management,Control Applicability Boundary Graphical Representation,AST-04.2,"Mechanisms exist to ensure control applicability is appropriately-determined for systems, applications, services and third parties by graphically representing applicable boundaries.",6
Asset Management,Compliance-Specific Asset Identification,AST-04.3,"Mechanisms exist to create and maintain a current inventory of systems, applications and services that are in scope for statutory, regulatory and/or contractual compliance obligations that provides sufficient detail to determine control applicability, based on asset scope categorization.",6
Asset Management,Security of Assets & Media,AST-05,Mechanisms exist to maintain strict control over the internal or external distribution of any kind of sensitive/regulated media. ,8
Asset Management,Management Approval For External Media Transfer,AST-05.1,Mechanisms exist to obtain management approval for any sensitive / regulated media that is transferred outside of the organization's facilities.,8
Asset Management,Unattended End-User Equipment ,AST-06,Mechanisms exist to implement enhanced protection measures for unattended systems to protect against tampering and unauthorized access.,9
Asset Management,Asset Storage In Automobiles,AST-06.1,"Mechanisms exist to educate users on the need to physically secure laptops and other mobile devices out of sight when traveling, preferably in the trunk of a vehicle.",7
Asset Management,Kiosks & Point of Interaction (PoI) Devices,AST-07,Mechanisms exist to appropriately protect devices that capture sensitive/regulated data via direct physical interaction from tampering and substitution. ,8
Asset Management,Physical Tampering Detection,AST-08,Mechanisms exist to periodically inspect systems and system components for Indicators of Compromise (IoC).,9
Asset Management,"Secure Disposal, Destruction or Re-Use of Equipment ",AST-09,"Mechanisms exist to securely dispose of, destroy or repurpose system components using organization-defined techniques and methods to prevent information being recovered from these components.",10
Asset Management,Return of Assets ,AST-10,"Mechanisms exist to ensure that employees and third-party users return all organizational assets in their possession upon termination of employment, contract or agreement.",8
Asset Management,Removal of Assets ,AST-11,"Mechanisms exist to authorize, control and track technology assets entering and exiting organizational facilities. ",8
Asset Management,Use of Personal Devices,AST-12,Mechanisms exist to restrict the possession and usage of personally-owned technology devices within organization-controlled facilities.,10
Asset Management,Use of Third-Party Devices,AST-13,Mechanisms exist to reduce the risk associated with third-party assets that are attached to the network from harming organizational assets or exfiltrating organizational data.,9
Asset Management,Usage Parameters,AST-14,"Mechanisms exist to monitor and enforce usage parameters that limit the potential damage caused from the unauthorized or unintentional alteration of system parameters. 
",7
Asset Management,Bluetooth & Wireless Devices,AST-14.1,"Mechanisms exist to prevent the usage of Bluetooth and wireless devices (e.g., Near Field Communications (NFC)) in sensitive areas or unless used in a Radio Frequency (RF)-screened building.",7
Asset Management,Infrared Communications,AST-14.2,Mechanisms exist to prevent line of sight and reflected infrared (IR) communications use in an unsecured space.,5
Asset Management,Logical Tampering Protection,AST-15,Mechanisms exist to verify logical configuration settings and the physical integrity of critical technology assets throughout their lifecycle.,6
Asset Management,"Inspection of Systems, Components & Devices ",AST-15.1,Mechanisms exist to physically and logically inspect critical technology assets to detect evidence of tampering. ,6
Asset Management,Bring Your Own Device (BYOD) Usage ,AST-16,Mechanisms exist to implement and govern a Bring Your Own Device (BYOD) program to reduce risk associated with personally-owned devices in the workplace.,10
Asset Management,Prohibited Equipment & Services,AST-17,Mechanisms exist to govern Supply Chain Risk Management (SCRM) sanctions that require the removal and prohibition of certain technology services and/or equipment that are designated as supply chain threats by a statutory or regulatory body.,9
Asset Management,Roots of Trust Protection,AST-18,"Mechanisms exist to provision and protect the confidentiality, integrity and authenticity of product supplier keys and data that can be used as a “roots of trust” basis for integrity verification.",4
Asset Management,Telecommunications Equipment,AST-19,Mechanisms exist to establish usage restrictions and implementation guidance for telecommunication equipment to prevent potential damage or unauthorized modification and to prevent potential eavesdropping.,9
Asset Management,Video Teleconference (VTC) Security,AST-20,"Mechanisms exist to implement secure Video Teleconference (VTC) capabilities on endpoint devices and in designated conference rooms, to prevent potential eavesdropping.",8
Asset Management,Voice Over Internet Protocol (VoIP) Security,AST-21,Mechanisms exist to implement secure Internet Protocol Telephony (IPT) that logically or physically separates Voice Over Internet Protocol (VoIP) traffic from data networks.,8
Asset Management,Microphones & Web Cameras,AST-22,Mechanisms exist to configure assets to prohibit the use of endpoint-based microphones and web cameras in secure areas or where sensitive/regulated information is discussed.,8
Asset Management,Multi-Function Devices (MFD),AST-23,Mechanisms exist to securely configure Multi-Function Devices (MFD) according to industry-recognized secure practices for the type of device.,8
Asset Management,Travel-Only Devices,AST-24,"Mechanisms exist to issue personnel travelling overseas with temporary, loaner or ""travel-only"" end user technology (e.g., laptops and mobile devices) when travelling to authoritarian countries with a higher-than average risk for Intellectual Property (IP) theft or espionage against individuals and private companies.",8
Asset Management,Re-Imaging Devices After Travel,AST-25,"Mechanisms exist to re-image end user technology (e.g., laptops and mobile devices) when returning from overseas travel to an authoritarian country with a higher-than average risk for Intellectual Property (IP) theft or espionage against individuals and private companies.",8
Asset Management,System Administrative Processes,AST-26,"Mechanisms exist to develop, implement and govern system administration processes, with corresponding Standardized Operating Procedures (SOP), for operating and maintaining systems, applications and services.",9
Asset Management,Jump Server,AST-27,"Mechanisms exist to conduct remote system administrative functions via a ""jump box"" or ""jump server"" that is located in a separate network zone to user workstations.",7
Asset Management,Database Administrative Processes,AST-28,"Mechanisms exist to develop, implement and govern database management processes, with corresponding Standardized Operating Procedures (SOP), for operating and maintaining databases.",9
Asset Management,Database Management System (DBMS),AST-28.1,"Mechanisms exist to implement and maintain Database Management Systems (DBMSs), where applicable.",6
Asset Management,Radio Frequency Identification (RFID) Security,AST-29,Mechanisms exist to securely govern Radio Frequency Identification (RFID) deployments to ensure RFID is used safely and securely to protect the confidentiality and integrity of data and prevent the compromise of secure spaces.,3
Asset Management,Contactless Access Control Systems,AST-29.1,Mechanisms exist to securely configure contactless access control systems incorporating contactless RFID or smart cards to protect the confidentiality and integrity of data and prevent the compromise of secure spaces.,3
Asset Management,Decommissioning,AST-30,"Mechanisms exist to ensure systems, applications and services are properly decommissioned so that data is properly transitioned to new systems or archived in accordance with applicable organizational standards, as well as statutory, regulatory and contractual obligations.",4
Asset Management,Asset Categorization,AST-31,Mechanisms exist to categorize technology assets.,9
Asset Management,Categorize Artificial Intelligence (AI)-Related Technologies,AST-31.1,Mechanisms exist to categorize Artificial Intelligence (AI) and Autonomous Technologies (AAT).,9
Asset Management,High-Risk Asset Categorization,AST-31.2,"Mechanisms exist to categorize a system and/or service as ""High Risk"" if it poses a significant risk of harm to an individual's:
(1) Health;
(2) Safety; and/or 
(3) Fundamental human rights.",9
Business Continuity & Disaster Recovery,Business Continuity Management System (BCMS),BCD-01,"Mechanisms exist to facilitate the implementation of contingency planning controls to help ensure resilient assets and services (e.g., Continuity of Operations Plan (COOP) or Business Continuity & Disaster Recovery (BC/DR) playbooks).",10
Business Continuity & Disaster Recovery,Coordinate with Related Plans ,BCD-01.1,Mechanisms exist to coordinate contingency plan development with internal and external elements responsible for related plans. ,5
Business Continuity & Disaster Recovery,Coordinate With External Service Providers,BCD-01.2,Mechanisms exist to coordinate internal contingency plans with the contingency plans of external service providers to ensure that contingency requirements can be satisfied.,5
Business Continuity & Disaster Recovery,Transfer to Alternate Processing / Storage Site,BCD-01.3,Mechanisms exist to redeploy personnel to other roles during a disruptive event or in the execution of a continuity plan.,5
Business Continuity & Disaster Recovery,Recovery Time / Point Objectives (RTO / RPO),BCD-01.4,Mechanisms exist to facilitate recovery operations in accordance with Recovery Time Objectives (RTOs) and Recovery Point Objectives (RPOs).,5
Business Continuity & Disaster Recovery,Recovery Operations Criteria,BCD-01.5,Mechanisms exist to define specific criteria that must be met to initiate Business Continuity / Disaster Recover (BC/DR) plans that facilitate business continuity operations capable of meeting applicable Recovery Time Objectives (RTOs) and Recovery Point Objectives (RPOs).,6
Business Continuity & Disaster Recovery,Recovery Operations Communications,BCD-01.6,Mechanisms exist to communicate the status of recovery activities and progress in restoring operational capabilities to designated internal and external stakeholders.,3
Business Continuity & Disaster Recovery,Identify Critical Assets ,BCD-02,"Mechanisms exist to identify and document the critical systems, applications and services that support essential missions and business functions.",9
Business Continuity & Disaster Recovery,Resume All Missions & Business Functions,BCD-02.1,Mechanisms exist to resume all missions and business functions within Recovery Time Objectives (RTOs) of the contingency plan's activation.,8
Business Continuity & Disaster Recovery,Continue Essential Mission & Business Functions,BCD-02.2,Mechanisms exist to continue essential missions and business functions with little or no loss of operational continuity and sustain that continuity until full system restoration at primary processing and/or storage sites.,8
Business Continuity & Disaster Recovery,Resume Essential Missions & Business Functions ,BCD-02.3,Mechanisms exist to resume essential missions and business functions within an organization-defined time period of contingency plan activation. ,8
Business Continuity & Disaster Recovery,Data Storage Location Reviews,BCD-02.4,Mechanisms exist to perform periodic security reviews of storage locations that contain sensitive / regulated data.,8
Business Continuity & Disaster Recovery,Contingency Training,BCD-03,Mechanisms exist to adequately train contingency personnel and applicable stakeholders in their contingency roles and responsibilities. ,5
Business Continuity & Disaster Recovery,Simulated Events,BCD-03.1,Mechanisms exist to incorporate simulated events into contingency training to facilitate effective response by personnel in crisis situations.,3
Business Continuity & Disaster Recovery,Automated Training Environments,BCD-03.2,Automated mechanisms exist to provide a more thorough and realistic contingency training environment.,1
Business Continuity & Disaster Recovery,Contingency Plan Testing & Exercises ,BCD-04,Mechanisms exist to conduct tests and/or exercises to evaluate the contingency plan's effectiveness and the organization's readiness to execute the plan. ,6
Business Continuity & Disaster Recovery,Coordinated Testing with Related Plans ,BCD-04.1,Mechanisms exist to coordinate contingency plan testing with internal and external elements responsible for related plans. ,3
Business Continuity & Disaster Recovery,Alternate Storage & Processing Sites,BCD-04.2,Mechanisms exist to test contingency plans at alternate storage & processing sites to both familiarize contingency personnel with the facility and evaluate the capabilities of the alternate processing site to support contingency operations. ,5
Business Continuity & Disaster Recovery,Contingency Plan Root Cause Analysis (RCA) & Lessons Learned,BCD-05,"Mechanisms exist to conduct a Root Cause Analysis (RCA) and ""lessons learned"" activity every time the contingency plan is activated.",9
Business Continuity & Disaster Recovery,Ongoing Contingency Planning,BCD-06,"Mechanisms exist to update contingency plans due to changes affecting:
(1) People (e.g., personnel changes);
(2) Processes (e.g., new, altered or decommissioned business practices, including third-party services)
(3) Technologies (e.g., new, altered or decommissioned technologies);
(4) Data (e.g., changes to data flows and/or data repositories);
(5) Facilities (e.g., new, altered or decommissioned physical infrastructure); and/or
(6) Feedback from contingency plan testing activities.",8
Business Continuity & Disaster Recovery,Contingency Planning Components,BCD-06.1,"Mechanisms exist to identify components that potentially impact the organization's ability to execute contingency plans, including changes to:
(1) Personnel roles;
(2) Business processes (including the use of third-party services);
(3) Deployed technologies; 
(4) Data repositories and/or data flows; and/or
(5) Physical infrastructure.",8
Business Continuity & Disaster Recovery,Contingency Plan Update Notifications,BCD-06.2,"Mechanisms exist to keep stakeholders informed of changes to contingency plans.
",5
Business Continuity & Disaster Recovery,Alternative Security Measures ,BCD-07,Mechanisms exist to implement alternative or compensating controls to satisfy security functions when the primary means of implementing the security function is unavailable or compromised. ,9
Business Continuity & Disaster Recovery,Alternate Storage Site,BCD-08,Mechanisms exist to establish an alternate storage site that includes both the assets and necessary agreements to permit the storage and recovery of system backup information. ,9
Business Continuity & Disaster Recovery,Separation from Primary Site ,BCD-08.1,Mechanisms exist to separate the alternate storage site from the primary storage site to reduce susceptibility to similar threats.,7
Business Continuity & Disaster Recovery,Accessibility ,BCD-08.2,Mechanisms exist to identify and mitigate potential accessibility problems to the alternate storage site in the event of an area-wide disruption or disaster.,5
Business Continuity & Disaster Recovery,Alternate Processing Site,BCD-09,Mechanisms exist to establish an alternate processing site that provides security measures equivalent to that of the primary site.,9
Business Continuity & Disaster Recovery,Separation from Primary Site,BCD-09.1,Mechanisms exist to separate the alternate processing site from the primary processing site to reduce susceptibility to similar threats.,7
Business Continuity & Disaster Recovery,Accessibility,BCD-09.2,"Mechanisms exist to identify and mitigate potential accessibility problems to the alternate processing site and possible mitigation actions, in the event of an area-wide disruption or disaster.",5
Business Continuity & Disaster Recovery,Alternate Site Priority of Service,BCD-09.3,"Mechanisms exist to address priority-of-service provisions in alternate processing and storage sites that support availability requirements, including Recovery Time Objectives (RTOs). ",6
Business Continuity & Disaster Recovery,Preparation for Use,BCD-09.4,Mechanisms exist to prepare the alternate processing alternate to support essential missions and business functions so that the alternate site is capable of being used as the primary site.,5
Business Continuity & Disaster Recovery,Inability to Return to Primary Site,BCD-09.5,Mechanisms exist to plan and prepare for both natural and manmade circumstances that preclude returning to the primary processing site.,5
Business Continuity & Disaster Recovery,Telecommunications Services Availability,BCD-10,Mechanisms exist to reduce the likelihood of a single point of failure with primary telecommunications services.,6
Business Continuity & Disaster Recovery,Telecommunications Priority of Service Provisions,BCD-10.1,"Mechanisms exist to formalize primary and alternate telecommunications service agreements contain priority-of-service provisions that support availability requirements, including Recovery Time Objectives (RTOs). ",6
Business Continuity & Disaster Recovery,Separation of Primary / Alternate Providers,BCD-10.2,Mechanisms exist to obtain alternate telecommunications services from providers that are separated from primary service providers to reduce susceptibility to the same threats. ,5
Business Continuity & Disaster Recovery,Provider Contingency Plan ,BCD-10.3,Mechanisms exist to contractually-require external service providers to have contingency plans that meet organizational contingency requirements.,5
Business Continuity & Disaster Recovery,Alternate Communications Channels,BCD-10.4,Mechanisms exist to maintain command and control capabilities via alternate communications channels and designating alternative decision makers if primary decision makers are unavailable.,5
Business Continuity & Disaster Recovery,Data Backups,BCD-11,"Mechanisms exist to create recurring backups of data, software and/or system images, as well as verify the integrity of these backups, to ensure the availability of the data to satisfying Recovery Time Objectives (RTOs) and Recovery Point Objectives (RPOs).",10
Business Continuity & Disaster Recovery,Testing for Reliability & Integrity ,BCD-11.1,"Mechanisms exist to routinely test backups that verify the reliability of the backup process, as well as the integrity and availability of the data. ",9
Business Continuity & Disaster Recovery,Separate Storage for Critical Information ,BCD-11.2,Mechanisms exist to store backup copies of critical software and other security-related information in a separate facility or in a fire-rated container that is not collocated with the system being backed up.,8
Business Continuity & Disaster Recovery,Information System Imaging,BCD-11.3,"Mechanisms exist to reimage assets from configuration-controlled and integrity-protected images that represent a secure, operational state.",8
Business Continuity & Disaster Recovery,Cryptographic Protection,BCD-11.4,Cryptographic mechanisms exist to prevent the unauthorized disclosure and/or modification of backup information.,9
Business Continuity & Disaster Recovery,Test Restoration Using Sampling,BCD-11.5,Mechanisms exist to utilize sampling of available backups to test recovery capabilities as part of business continuity plan testing. ,5
Business Continuity & Disaster Recovery,Transfer to Alternate Storage Site,BCD-11.6,Mechanisms exist to transfer backup data to the alternate storage site at a rate that is capable of meeting both Recovery Time Objectives (RTOs) and Recovery Point Objectives (RPOs).,5
Business Continuity & Disaster Recovery,Redundant Secondary System,BCD-11.7,"Mechanisms exist to maintain a failover system, which is not collocated with the primary system, application and/or service, which can be activated with little-to-no loss of information or disruption to operations.",5
Business Continuity & Disaster Recovery,Dual Authorization For Backup Media Destruction,BCD-11.8,Mechanisms exist to implement and enforce dual authorization for the deletion or destruction of sensitive backup media and data.,5
Business Continuity & Disaster Recovery,Backup Access,BCD-11.9,Mechanisms exist to restrict access to backups to privileged users with assigned roles for data backup and recovery operations.,9
Business Continuity & Disaster Recovery,Backup Modification and/or Destruction,BCD-11.10,Mechanisms exist to restrict access to modify and/or delete backups to privileged users with assigned data backup and recovery operations roles.,9
Business Continuity & Disaster Recovery,Information System Recovery & Reconstitution,BCD-12,"Mechanisms exist to ensure the secure recovery and reconstitution of systems to a known state after a disruption, compromise or failure.",9
Business Continuity & Disaster Recovery,Transaction Recovery,BCD-12.1,Mechanisms exist to utilize specialized backup mechanisms that will allow transaction recovery for transaction-based applications and services in accordance with Recovery Point Objectives (RPOs).,9
Business Continuity & Disaster Recovery,Failover Capability,BCD-12.2,"Mechanisms exist to implement real-time or near-real-time failover capability to maintain availability of critical systems, applications and/or services.",8
Business Continuity & Disaster Recovery,Electronic Discovery (eDiscovery),BCD-12.3,Mechanisms exist to utilize electronic discovery (eDiscovery) that covers current and archived communication transactions.,8
Business Continuity & Disaster Recovery,Restore Within Time Period,BCD-12.4,"Mechanisms exist to restore systems, applications and/or services within organization-defined restoration time-periods from configuration-controlled and integrity-protected information; representing a known, operational state for the asset. ",5
Business Continuity & Disaster Recovery,Backup & Restoration Hardware Protection ,BCD-13,Mechanisms exist to protect backup and restoration hardware and software.,8
Business Continuity & Disaster Recovery,Restoration Integrity Verification,BCD-13.1,Mechanisms exist to verify the integrity of backups and other restoration assets prior to using them for restoration.,7
Business Continuity & Disaster Recovery,Isolated Recovery Environment,BCD-14,"Mechanisms exist to utilize an isolated, non-production environment to perform data backup and recovery operations through offline, cloud or off-site capabilities.",5
Business Continuity & Disaster Recovery,Reserve Hardware,BCD-15,Mechanisms exist to purchase and maintain a sufficient reserve of spare hardware to ensure essential missions and business functions can be maintained in the event of a supply chain disruption.,7
Business Continuity & Disaster Recovery,AI & Autonomous Technologies Incidents,BCD-16,Mechanisms exist to handle failures or incidents with Artificial Intelligence (AI) and Autonomous Technologies (AAT) deemed to be high-risk.,10
Capacity & Performance Planning,Capacity & Performance Management ,CAP-01,Mechanisms exist to facilitate the implementation of capacity management controls to ensure optimal system performance to meet expected and anticipated future capacity requirements.,8
Capacity & Performance Planning,Resource Priority,CAP-02,Mechanisms exist to control resource utilization of systems that are susceptible to Denial of Service (DoS) attacks to limit and prioritize the use of resources.,8
Capacity & Performance Planning,Capacity Planning ,CAP-03,"Mechanisms exist to conduct capacity planning so that necessary capacity for information processing, telecommunications and environmental support will exist during contingency operations. ",8
Capacity & Performance Planning,Performance Monitoring,CAP-04,"Automated mechanisms exist to centrally-monitor and alert on the operating state and health status of critical systems, applications and services.",7
Capacity & Performance Planning,Elastic Expansion,CAP-05,"Mechanisms exist to automatically scale the resources available for services, as demand conditions change.",5
Capacity & Performance Planning,Regional Delivery,CAP-06,Mechanisms exist to support operations that are geographically dispersed via regional delivery of technological services.,1
Change Management,Change Management Program ,CHG-01,Mechanisms exist to facilitate the implementation of a change management program.,10
Change Management,Configuration Change Control ,CHG-02,Mechanisms exist to govern the technical configuration change control processes.,8
Change Management,Prohibition Of Changes,CHG-02.1,"Mechanisms exist to prohibit unauthorized changes, unless organization-approved change requests are received.",10
Change Management,"Test, Validate & Document Changes ",CHG-02.2,Mechanisms exist to appropriately test and document proposed changes in a non-production environment before changes are implemented in a production environment.,9
Change Management,Cybersecurity & Data Privacy Representative for Asset Lifecycle Changes,CHG-02.3,Mechanisms exist to include a cybersecurity and/or data privacy representative in the configuration change control review process.,7
Change Management,Automated Security Response,CHG-02.4,Automated mechanisms exist to implement remediation actions upon the detection of unauthorized baseline configurations change(s).,5
Change Management,Cryptographic Management,CHG-02.5,Mechanisms exist to govern assets involved in providing cryptographic protections according to the organization's configuration management processes. ,5
Change Management,Security Impact Analysis for Changes ,CHG-03,"Mechanisms exist to analyze proposed changes for potential security impacts, prior to the implementation of the change.",9
Change Management,Access Restriction For Change,CHG-04,Mechanisms exist to enforce configuration restrictions in an effort to restrict the ability of users to conduct unauthorized changes.,8
Change Management,Automated Access Enforcement / Auditing ,CHG-04.1,Mechanisms exist to perform after-the-fact reviews of configuration change logs to discover any unauthorized changes.,3
Change Management,Signed Components ,CHG-04.2,Mechanisms exist to prevent the installation of software and firmware components without verification that the component has been digitally signed using an organization-approved certificate authority.,3
Change Management,Dual Authorization for Change,CHG-04.3,Mechanisms exist to enforce a two-person rule for implementing changes to critical assets.,6
Change Management,Permissions To Implement Changes,CHG-04.4,Mechanisms exist to limit operational privileges for implementing changes.,6
Change Management,Library Privileges,CHG-04.5,Mechanisms exist to restrict software library privileges to those individuals with a pertinent business need for access. ,8
Change Management,Stakeholder Notification of Changes ,CHG-05,Mechanisms exist to ensure stakeholders are made aware of and understand the impact of proposed changes. ,9
Change Management,Control Functionality Verification,CHG-06,Mechanisms exist to verify the functionality of cybersecurity and/or data privacy controls following implemented changes to ensure applicable controls operate as designed. ,9
Change Management,Emergency Changes,CHG-07,"Mechanisms exist to govern change management procedures for ""emergency"" changes.",9
Change Management,Documenting Emergency Changes,CHG-07.1,"Mechanisms exist to document the results of ""emergency"" changes, including an explanation for why standard change management procedures could not be followed.",7
Change Management,Report Verification Results,CHG-06.1,Mechanisms exist to report the results of cybersecurity & data privacy function verification to appropriate organizational management.,5
Cloud Security,Cloud Services,CLD-01,Mechanisms exist to facilitate the implementation of cloud management controls to ensure cloud instances are secure and in-line with industry practices. ,10
Cloud Security,Cloud Infrastructure Onboarding,CLD-01.1,"Mechanisms exist to ensure cloud services are designed and configured so systems, applications and processes are secured in accordance with applicable organizational standards, as well as statutory, regulatory and contractual obligations.",9
Cloud Security,Cloud Infrastructure Offboarding,CLD-01.2,"Mechanisms exist to ensure cloud services are decommissioned so that data is securely transitioned to new systems or archived in accordance with applicable organizational standards, as well as statutory, regulatory and contractual obligations.",9
Cloud Security,Cloud Security Architecture ,CLD-02,"Mechanisms exist to ensure the cloud security architecture supports the organization's technology strategy to securely design, configure and maintain cloud employments. ",8
Cloud Security,Cloud Infrastructure Security Subnet,CLD-03,Mechanisms exist to host security-specific technologies in a dedicated subnet.,6
Cloud Security,Application & Program Interface (API) Security ,CLD-04,Mechanisms exist to ensure support for secure interoperability between components with Application & Program Interfaces (APIs).,9
Cloud Security,Virtual Machine Images ,CLD-05,Mechanisms exist to ensure the integrity of virtual machine images at all times. ,8
Cloud Security,Multi-Tenant Environments ,CLD-06,Mechanisms exist to ensure multi-tenant owned or managed assets (physical and virtual) are designed and governed such that provider and customer (tenant) user access is appropriately segmented from other tenant users.,9
Cloud Security,Customer Responsibility Matrix (CRM),CLD-06.1,"Mechanisms exist to formally document a Customer Responsibility Matrix (CRM), delineating assigned responsibilities for controls between the Cloud Service Provider (CSP) and its customers.",8
Cloud Security,Multi-Tenant Event Logging Capabilities,CLD-06.2,"Mechanisms exist to ensure Multi-Tenant Service Providers (MTSP) facilitate security event logging capabilities for its customers that are consistent with applicable statutory, regulatory and/or contractual obligations.",8
Cloud Security,Multi-Tenant Forensics Capabilities,CLD-06.3,Mechanisms exist to ensure Multi-Tenant Service Providers (MTSP) facilitate prompt forensic investigations in the event of a suspected or confirmed security incident.,8
Cloud Security,Multi-Tenant Incident Response Capabilities,CLD-06.4,"Mechanisms exist to ensure Multi-Tenant Service Providers (MTSP) facilitate prompt response to suspected or confirmed security incidents and vulnerabilities, including timely notification to affected customers.",8
Cloud Security,Data Handling & Portability,CLD-07,"Mechanisms exist to ensure cloud providers use secure protocols for the import, export and management of data in cloud-based services. ",4
Cloud Security,Standardized Virtualization Formats ,CLD-08,Mechanisms exist to ensure interoperability by requiring cloud providers to use industry-recognized formats and provide documentation of custom changes for review.,4
Cloud Security,"Geolocation Requirements for Processing, Storage and Service Locations",CLD-09,"Mechanisms exist to control the location of cloud processing/storage based on business requirements that includes statutory, regulatory and contractual obligations. ",10
Cloud Security,Sensitive Data In Public Cloud Providers,CLD-10,Mechanisms exist to limit and manage the storage of sensitive/regulated data in public cloud providers. ,6
Cloud Security,Cloud Access Security Broker (CASB),CLD-11,"Mechanisms exist to utilize a Cloud Access Security Broker (CASB), or similar technology, to provide boundary protection and monitoring functions that both provide access to the cloud and protect the organization from misuse of cloud resources.",7
Cloud Security,Side Channel Attack Prevention,CLD-12,"Mechanisms exist to prevent ""side channel attacks"" when using a Content Delivery Network (CDN) by restricting access to the origin server's IP address to the CDN and an authorized management network.",3
Cloud Security,"Hosted Systems, Applications & Services",CLD-13,"Mechanisms exist to specify applicable cybersecurity & data protection controls that must be implemented on external systems, consistent with the contractual obligations established with the External Service Providers (ESP) owning, operating and/or maintaining external systems, applications and/or services.",9
Cloud Security,"Authorized Individuals For Hosted Systems, Applications & Services",CLD-13.1,"Mechanisms exist to authorize specified individuals to access External Service Providers (ESP) owned, operated and/or maintained external systems, applications and/or services.",9
Cloud Security,"Sensitive/Regulated Data On Hosted Systems, Applications & Services",CLD-13.2,"Mechanisms exist to define formal processes to store, process and/or transmit sensitive/regulated data using External Service Providers (ESP) owned, operated and/or maintained external systems, applications and/or services , in accordance with all applicable statutory, regulatory and/or contractual obligations.",9
Cloud Security,"Prohibition On Unverified Hosted Systems, Applications & Services",CLD-14,"Mechanisms exist to prohibit access to, or usage of, hosted systems, applications and/or services until applicable cybersecurity & data protection control implementation is verified.",8
Compliance,"Statutory, Regulatory & Contractual Compliance ",CPL-01,"Mechanisms exist to facilitate the identification and implementation of relevant statutory, regulatory and contractual controls.",10
Compliance,Non-Compliance Oversight,CPL-01.1,"Mechanisms exist to document and review instances of non-compliance with statutory, regulatory and/or contractual obligations to develop appropriate risk mitigation actions.",9
Compliance,Compliance Scope,CPL-01.2,"Mechanisms exist to document and validate the scope of cybersecurity & data privacy controls that are determined to meet statutory, regulatory and/or contractual compliance obligations.",10
Compliance,Ability To Demonstrate Conformity,CPL-01.3,"Mechanisms exist to ensure the organization is able to demonstrate conformity with applicable cybersecurity and data protection laws, regulations and/or contractual obligations.",8
Compliance,Conformity Assessment,CPL-01.4,"Mechanisms exist to conduct assessments to demonstrate conformity with applicable cybersecurity and data protection laws, regulations and/or contractual obligations.",9
Compliance,Declaration of Conformity,CPL-01.5,"Mechanisms exist to generate a declaration of conformity for each conformity assessment, where the document:
(1) Is concise;
(2) Unambiguously reflects the current status;
(3) Is physically or electronically signed; and
(4) Where possible, is machine readable.",1
Compliance,Cybersecurity & Data Protection Controls Oversight ,CPL-02,Mechanisms exist to provide a cybersecurity & data protection controls oversight function that reports to the organization's executive leadership.,10
Compliance,Internal Audit Function,CPL-02.1,Mechanisms exist to implement an internal audit function that is capable of providing senior organization management with insights into the appropriateness of the organization's technology and information governance processes.,5
Compliance,Periodic Audits,CPL-02.2,"Mechanisms exist to conduct periodic audits of cybersecurity & data protection controls to evaluate conformity with the organization's documented policies, standards and procedures.",8
Compliance,Corrective Action,CPL-02.3,"Mechanisms exist to take corrective action to remediate instances of non-conformity with applicable statutory, regulatory, and/or contractual compliance obligations.",7
Compliance,Cybersecurity & Data Protection Assessments ,CPL-03,"Mechanisms exist to regularly review processes and documented procedures to ensure conformity with the organization's cybersecurity & data protection policies, standards and other applicable requirements.",10
Compliance,Independent Assessors ,CPL-03.1,"Mechanisms exist to utilize independent assessors to evaluate cybersecurity & data protection controls at planned intervals or when the system, service or project undergoes significant changes.",6
Compliance,Functional Review Of Cybersecurity & Data Protection Controls ,CPL-03.2,Mechanisms exist to regularly review technology assets for adherence to the organization's cybersecurity & data protection policies and standards. ,8
Compliance,Assessor Access,CPL-03.3,"Mechanisms exist to grant assessors minimum necessary access to conduct conformity assessments, including:
(1) Logical access to design, development, production, inspection and testing artifacts; and 
(2) Physical access to facilities.",7
Compliance,Audit Activities ,CPL-04,Mechanisms exist to thoughtfully plan audits by including input from operational risk and compliance partners to minimize the impact of audit-related activities on business operations.,5
Compliance,Legal Assessment of Investigative Inquires,CPL-05,"Mechanisms exist to determine whether a government agency has an applicable and valid legal basis to request data from the organization and what further steps need to be taken, if necessary.",2
Compliance,Investigation Request Notifications,CPL-05.1,"Mechanisms exist to notify customers about investigation request notifications, unless the applicable legal basis for a government agency's action prohibits notification (e.g., potential criminal prosecution).",2
Compliance,Investigation Access Restrictions,CPL-05.2,"Mechanisms exist to support official investigations by provisioning government investigators with ""least privileges"" and ""least functionality"" to ensure that government investigators only have access to the data and systems needed to perform the investigation.",2
Compliance,Government Surveillance,CPL-06,"Mechanisms exist to constrain the host government from having unrestricted and non-monitored access to the organization's systems, applications and services that could potentially violate other applicable statutory, regulatory and/or contractual obligations.",10
Compliance,Grievances,CPL-07,Mechanisms exist to govern the intake and analysis of grievances related to the organization's cybersecurity and/or data protection practices.,5
Compliance,Grievance Response,CPL-07.1,Mechanisms exist to respond to legitimate grievances related to the organization's cybersecurity and/or data protection practices.,5
Compliance,Localized Representation,CPL-08,"Mechanisms exist to appoint localized representation with a physical presence in localities, as required by applicable laws and/or regulations.",2
Compliance,Representative Powers,CPL-08.1,Mechanisms exist to contract localized representation to perform specified functions in regard to representing statutory and/or regulatory compliance matters.,2
Configuration Management,Configuration Management Program,CFG-01,Mechanisms exist to facilitate the implementation of configuration management controls.,9
Configuration Management,Assignment of Responsibility,CFG-01.1,Mechanisms exist to implement a segregation of duties for configuration management that prevents developers from performing production configuration management duties.,5
Configuration Management,System Hardening Through Baseline Configurations ,CFG-02,"Mechanisms exist to develop, document and maintain secure baseline configurations for technology platforms that are consistent with industry-accepted system hardening standards. ",10
Configuration Management,Reviews & Updates,CFG-02.1,"Mechanisms exist to review and update baseline configurations:
(1) At least annually;
(2) When required due to so; or
(3) As part of system component installations and upgrades.",8
Configuration Management,Automated Central Management & Verification ,CFG-02.2,"Automated mechanisms exist to govern and report on baseline configurations of systems through Continuous Diagnostics and Mitigation (CDM), or similar technologies.",7
Configuration Management,Retention Of Previous Configurations ,CFG-02.3,Mechanisms exist to retain previous versions of baseline configuration to support roll back. ,3
Configuration Management,Development & Test Environment Configurations,CFG-02.4,Mechanisms exist to manage baseline configurations for development and test environments separately from operational baseline configurations to minimize the risk of unintentional changes.,5
Configuration Management,"Configure Systems, Components or Services for High-Risk Areas ",CFG-02.5,Mechanisms exist to configure systems utilized in high-risk areas with more restrictive baseline configurations.,8
Configuration Management,Network Device Configuration File Synchronization,CFG-02.6,Mechanisms exist to configure network devices to synchronize startup and running configuration files. ,7
Configuration Management,Approved Configuration Deviations ,CFG-02.7,"Mechanisms exist to document, assess risk and approve or deny deviations to standardized configurations.",9
Configuration Management,Respond To Unauthorized Changes ,CFG-02.8,Mechanisms exist to respond to unauthorized changes to configuration settings as security incidents. ,9
Configuration Management,Baseline Tailoring,CFG-02.9,"Mechanisms exist to allow baseline controls to be specialized or customized by applying a defined set of tailoring actions that are specific to:
(1) Mission / business functions;
(2) Operational environment;
(3) Specific threats or vulnerabilities; or
(4) Other conditions or situations that could affect mission / business success.",9
Configuration Management,Least Functionality,CFG-03,"Mechanisms exist to configure systems to provide only essential capabilities by specifically prohibiting or restricting the use of ports, protocols, and/or services. ",10
Configuration Management,Periodic Review,CFG-03.1,"Mechanisms exist to periodically review system configurations to identify and disable unnecessary and/or non-secure functions, ports, protocols and services.",8
Configuration Management,Prevent Unauthorized Software Execution,CFG-03.2,Mechanisms exist to configure systems to prevent the execution of unauthorized software programs. ,7
Configuration Management,Explicitly Allow / Deny Applications,CFG-03.3,Mechanisms exist to explicitly allow (allowlist / whitelist) and/or block (denylist / blacklist) applications that are authorized to execute on systems.,5
Configuration Management,Split Tunneling,CFG-03.4,Mechanisms exist to prevent split tunneling for remote devices unless the split tunnel is securely provisioned using organization-defined safeguards.,8
Configuration Management,Software Usage Restrictions ,CFG-04,Mechanisms exist to enforce software usage restrictions to comply with applicable contract agreements and copyright laws.,9
Configuration Management,Open Source Software,CFG-04.1,Mechanisms exist to establish parameters for the secure use of open source software. ,9
Configuration Management,Unsupported Internet Browsers & Email Clients ,CFG-04.2,Mechanisms exist to allow only approved Internet browsers and email clients to run on systems.,7
Configuration Management,User-Installed Software,CFG-05,Mechanisms exist to restrict the ability of non-privileged users to install unauthorized software.,10
Configuration Management,Unauthorized Installation Alerts,CFG-05.1,Mechanisms exist to configure systems to generate an alert when the unauthorized installation of software is detected. ,8
Configuration Management,Restrict Roles Permitted To Install Software,CFG-05.2,"Mechanisms exist to configure systems to prevent the installation of software, unless the action is performed by a privileged user or service.",9
Configuration Management,Configuration Enforcement,CFG-06,"Automated mechanisms exist to monitor, enforce and report on configurations for endpoint devices.",7
Configuration Management,Integrity Assurance & Enforcement (IAE),CFG-06.1,Automated mechanisms exist to identify unauthorized deviations from an approved baseline and implement automated resiliency actions to remediate the unauthorized change.,3
Configuration Management,Zero-Touch Provisioning (ZTP),CFG-07,"Mechanisms exist to implement Zero-Touch Provisioning (ZTP), or similar technology, to automatically and securely configure devices upon being added to a network.",8
Configuration Management,Sensitive / Regulated Data Access Enforcement,CFG-08,"Mechanisms exist to configure systems, applications and processes to restrict access to sensitive/regulated data.",7
Configuration Management,Sensitive / Regulated Data Actions,CFG-08.1,"Automated mechanisms exist to generate event logs whenever sensitive/regulated data is collected, created, updated, deleted and/or archived.",7
Continuous Monitoring,Continuous Monitoring,MON-01,Mechanisms exist to facilitate the implementation of enterprise-wide monitoring controls.,10
Continuous Monitoring,Intrusion Detection & Prevention Systems (IDS & IPS),MON-01.1,"Mechanisms exist to implement Intrusion Detection / Prevention Systems (IDS / IPS) technologies on critical systems, key network segments and network choke points.",9
Continuous Monitoring,Automated Tools for Real-Time Analysis ,MON-01.2,"Mechanisms exist to utilize a Security Incident Event Manager (SIEM), or similar automated tool, to support near real-time analysis and incident escalation. ",9
Continuous Monitoring,Inbound & Outbound Communications Traffic ,MON-01.3,Mechanisms exist to continuously monitor inbound and outbound communications traffic for unusual or unauthorized activities or conditions.,9
Continuous Monitoring,System Generated Alerts ,MON-01.4,"Mechanisms exist to generate, monitor, correlate and respond to alerts from physical, cybersecurity, data privacy and supply chain activities to achieve integrated situational awareness. ",7
Continuous Monitoring,Wireless Intrusion Detection System (WIDS),MON-01.5,Mechanisms exist to utilize Wireless Intrusion Detection / Protection Systems (WIDS / WIPS) to identify rogue wireless devices and to detect attack attempts via wireless networks. ,5
Continuous Monitoring,Host-Based Devices ,MON-01.6,"Mechanisms exist to utilize Host-based Intrusion Detection / Prevention Systems (HIDS / HIPS) to actively alert on or block unwanted activities and send logs to a Security Incident Event Manager (SIEM), or similar automated tool, to maintain situational awareness.",8
Continuous Monitoring,File Integrity Monitoring (FIM),MON-01.7,"Mechanisms exist to utilize a File Integrity Monitor (FIM), or similar change-detection technology, on critical assets to generate alerts for unauthorized modifications. ",9
Continuous Monitoring,Security Event Monitoring,MON-01.8,Mechanisms exist to review event logs on an ongoing basis and escalate incidents in accordance with established timelines and procedures.,10
Continuous Monitoring,Proxy Logging ,MON-01.9,"Mechanisms exist to log all Internet-bound requests, in order to identify prohibited activities and assist incident handlers with identifying potentially compromised systems. ",8
Continuous Monitoring,Deactivated Account Activity ,MON-01.10,Mechanisms exist to monitor deactivated accounts for attempted usage.,9
Continuous Monitoring,Automated Response to Suspicious Events,MON-01.11,Mechanisms exist to automatically implement pre-determined corrective actions in response to detected events that have security incident implications.,5
Continuous Monitoring,Automated Alerts,MON-01.12,Mechanisms exist to automatically alert incident response personnel to inappropriate or anomalous activities that have potential security incident implications.,5
Continuous Monitoring,Alert Threshold Tuning,MON-01.13,"Mechanisms exist to ""tune"" event monitoring technologies through analyzing communications traffic/event patterns and developing profiles representing common traffic patterns and/or events.",5
Continuous Monitoring,Individuals Posing Greater Risk,MON-01.14,Mechanisms exist to implement enhanced activity monitoring for individuals who have been identified as posing an increased level of risk. ,5
Continuous Monitoring,Privileged User Oversight,MON-01.15,Mechanisms exist to implement enhanced activity monitoring for privileged users.,5
Continuous Monitoring,Analyze and Prioritize Monitoring Requirements,MON-01.16,"Mechanisms exist to assess the organization's needs for monitoring and prioritize the monitoring of assets, based on asset criticality and the sensitivity of the data it stores, transmits and processes.",5
Continuous Monitoring,Real-Time Session Monitoring,MON-01.17,"Mechanisms exist to enable authorized personnel the ability to remotely view and hear content related to an established user session in real time, in accordance with organizational standards, as well as statutory, regulatory and contractual obligations.",4
Continuous Monitoring,Centralized Collection of Security Event Logs,MON-02,"Mechanisms exist to utilize a Security Incident Event Manager (SIEM), or similar automated tool, to support the centralized collection of security-related event logs.",10
Continuous Monitoring,Correlate Monitoring Information,MON-02.1,"Automated mechanisms exist to correlate both technical and non-technical information from across the enterprise by a Security Incident Event Manager (SIEM) or similar automated tool, to enhance organization-wide situational awareness.",9
Continuous Monitoring,Central Review & Analysis,MON-02.2,"Automated mechanisms exist to centrally collect, review and analyze audit records from multiple sources.",5
Continuous Monitoring,Integration of Scanning & Other Monitoring Information,MON-02.3,"Automated mechanisms exist to integrate the analysis of audit records with analysis of vulnerability scanners, network performance, system monitoring and other sources to further enhance the ability to identify inappropriate or unusual activity.",5
Continuous Monitoring,Correlation with Physical Monitoring,MON-02.4,"Automated mechanisms exist to correlate information from audit records with information obtained from monitoring physical access to further enhance the ability to identify suspicious, inappropriate, unusual or malevolent activity. ",5
Continuous Monitoring,Permitted Actions,MON-02.5,"Mechanisms exist to specify the permitted actions for both users and systems associated with the review, analysis and reporting of audit information. ",5
Continuous Monitoring,Audit Level Adjustments,MON-02.6,"Mechanisms exist to adjust the level of audit review, analysis and reporting based on evolving threat information from law enforcement, industry associations or other credible sources of threat intelligence. ",5
Continuous Monitoring,System-Wide / Time-Correlated Audit Trail,MON-02.7,Automated mechanisms exist to compile audit records into an organization-wide audit trail that is time-correlated.,5
Continuous Monitoring,Changes by Authorized Individuals,MON-02.8,"Mechanisms exist to provide privileged users or roles the capability to change the auditing to be performed on specified information system components, based on specific event criteria within specified time thresholds. ",5
Continuous Monitoring,Inventory of Technology Asset Event Logging,MON-02.9,Mechanisms exist to maintain a current and accurate inventory of technology assets being logged.,7
Continuous Monitoring,Content of Event Logs,MON-03,"Mechanisms exist to configure systems to produce event logs that contain sufficient information to, at a minimum:
(1) Establish what type of event occurred;
(2) When (date and time) the event occurred;
(3) Where the event occurred;
(4) The source of the event;
(5) The outcome (success or failure) of the event; and 
(6) The identity of any user/subject associated with the event. ",10
Continuous Monitoring,Sensitive Audit Information,MON-03.1,Mechanisms exist to protect sensitive/regulated data contained in log files. ,8
Continuous Monitoring,Audit Trails,MON-03.2,Mechanisms exist to link system access to individual users or service accounts.,10
Continuous Monitoring,Privileged Functions Logging ,MON-03.3,Mechanisms exist to log and review the actions of users and/or services with elevated privileges.,8
Continuous Monitoring,Verbosity Logging for Boundary Devices ,MON-03.4,"Mechanisms exist to verbosely log all traffic (both allowed and blocked) arriving at network boundary devices, including firewalls, Intrusion Detection / Prevention Systems (IDS/IPS) and inbound and outbound proxies.",5
Continuous Monitoring,Limit Personal Data (PD) In Audit Records,MON-03.5,Mechanisms exist to limit Personal Data (PD) contained in audit records to the elements identified in the data privacy risk assessment.,8
Continuous Monitoring,Centralized Management of Planned Audit Record Content,MON-03.6,Mechanisms exist to centrally manage and configure the content required to be captured in audit records generated by organization-defined information system components. ,5
Continuous Monitoring,Database Logging,MON-03.7,Mechanisms exist to ensure databases produce audit records that contain sufficient information to monitor database activities.,8
Continuous Monitoring,Event Log Storage Capacity ,MON-04,Mechanisms exist to allocate and proactively manage sufficient event log storage capacity to reduce the likelihood of such capacity being exceeded. ,8
Continuous Monitoring,Response To Event Log Processing Failures,MON-05,Mechanisms exist to alert appropriate personnel in the event of a log processing failure and take actions to remedy the disruption.,8
Continuous Monitoring,Real-Time Alerts of Event Logging Failure,MON-05.1,Mechanisms exist to provide 24x7x365 near real-time alerting capability when an event log processing failure occurs. ,6
Continuous Monitoring,Event Log Storage Capacity Alerting ,MON-05.2,Automated mechanisms exist to alert appropriate personnel when the allocated volume reaches an organization-defined percentage of maximum event log storage capacity.,5
Continuous Monitoring,Monitoring Reporting ,MON-06,Mechanisms exist to provide an event log report generation capability to aid in detecting and assessing anomalous activities. ,7
Continuous Monitoring,Query Parameter Audits of Personal Data (PD),MON-06.1,Mechanisms exist to provide and implement the capability for auditing the parameters of user query events for data sets containing Personal Data (PD).,3
Continuous Monitoring,Trend Analysis Reporting,MON-06.2,"Mechanisms exist to employ trend analyses to determine if security control implementations, the frequency of continuous monitoring activities, and/or the types of activities used in the continuous monitoring process need to be modified based on empirical data.",5
Continuous Monitoring,Time Stamps ,MON-07,Mechanisms exist to configure systems to use an authoritative time source to generate time stamps for event logs. ,10
Continuous Monitoring,Synchronization With Authoritative Time Source,MON-07.1,Mechanisms exist to synchronize internal system clocks with an authoritative time source. ,8
Continuous Monitoring,Protection of Event Logs ,MON-08,"Mechanisms exist to protect event logs and audit tools from unauthorized access, modification and deletion.",10
Continuous Monitoring,Event Log Backup on Separate Physical Systems / Components ,MON-08.1,Mechanisms exist to back up event logs onto a physically different system or system component than the Security Incident Event Manager (SIEM) or similar automated tool.,5
Continuous Monitoring,Access by Subset of Privileged Users ,MON-08.2,Mechanisms exist to restrict access to the management of event logs to privileged users with a specific business need.,8
Continuous Monitoring,Cryptographic Protection of Event Log Information,MON-08.3,Cryptographic mechanisms exist to protect the integrity of event logs and audit tools. ,5
Continuous Monitoring,Dual Authorization for Event Log Movement,MON-08.4,Automated mechanisms exist to enforce dual authorization for the movement or deletion of event logs.,5
Continuous Monitoring,Non-Repudiation,MON-09,Mechanisms exist to utilize a non-repudiation capability to protect against an individual falsely denying having performed a particular action. ,8
Continuous Monitoring,Identity Binding,MON-09.1,Mechanisms exist to bind the identity of the information producer to the information generated.,4
Continuous Monitoring,Event Log Retention,MON-10,"Mechanisms exist to retain event logs for a time period consistent with records retention requirements to provide support for after-the-fact investigations of security incidents and to meet statutory, regulatory and contractual retention requirements. ",10
Continuous Monitoring,Monitoring For Information Disclosure,MON-11,Mechanisms exist to monitor for evidence of unauthorized exfiltration or disclosure of non-public information. ,8
Continuous Monitoring,Analyze Traffic for Covert Exfiltration,MON-11.1,Automated mechanisms exist to analyze network traffic to detect covert data exfiltration.,5
Continuous Monitoring,Unauthorized Network Services,MON-11.2,Automated mechanisms exist to detect unauthorized network services and alert incident response personnel. ,5
Continuous Monitoring,Monitoring for Indicators of Compromise (IOC),MON-11.3,Automated mechanisms exist to identify and alert on Indicators of Compromise (IoC). ,5
Continuous Monitoring,Session Audit ,MON-12,"Mechanisms exist to provide session audit capabilities that can: 
(1) Capture and log all content related to a user session; and
(2) Remotely view all content related to an established user session in real time.",7
Continuous Monitoring,Alternate Event Logging Capability ,MON-13,Mechanisms exist to provide an alternate event logging capability in the event of a failure in primary audit capability.,3
Continuous Monitoring,Cross-Organizational Monitoring ,MON-14,"Mechanisms exist to coordinate sanitized event logs among external organizations to identify anomalous events when event logs are shared across organizational boundaries, without giving away sensitive or critical business data.",3
Continuous Monitoring,Sharing of Event Logs,MON-14.1,Mechanisms exist to share event logs with third-party organizations based on specific cross-organizational sharing agreements.,5
Continuous Monitoring,Covert Channel Analysis ,MON-15,Mechanisms exist to conduct covert channel analysis to identify aspects of communications that are potential avenues for covert channels.,3
Continuous Monitoring,Anomalous Behavior,MON-16,Mechanisms exist to detect and respond to anomalous behavior that could indicate account compromise or other malicious activities.,10
Continuous Monitoring,Insider Threats,MON-16.1,Mechanisms exist to monitor internal personnel activity for potential security incidents.,8
Continuous Monitoring,Third-Party Threats,MON-16.2,Mechanisms exist to monitor third-party personnel activity for potential security incidents.,8
Continuous Monitoring,Unauthorized Activities,MON-16.3,"Mechanisms exist to monitor for unauthorized activities, accounts, connections, devices and software.",8
Continuous Monitoring,Account Creation and Modification Logging,MON-16.4,Automated mechanisms exist to generate event logs for permissions changes to privileged accounts and/or groups.,7
Continuous Monitoring,Event Log Analysis & Triage,MON-17,Mechanisms exist to ensure event log reviews include analysis and triage practices that integrate with the organization's established incident response processes.,7
Continuous Monitoring,Event Log Review Escalation Matrix,MON-17.1,Mechanisms exist to make event log review processes more efficient and effective by developing and maintaining an incident response escalation matrix.,7
Cryptographic Protections ,Use of Cryptographic Controls ,CRY-01,Mechanisms exist to facilitate the implementation of cryptographic protections controls using known public standards and trusted cryptographic technologies.,10
Cryptographic Protections ,Alternate Physical Protection ,CRY-01.1,Cryptographic mechanisms exist to prevent unauthorized disclosure of information as an alternative to physical safeguards. ,5
Cryptographic Protections ,Export-Controlled Cryptography,CRY-01.2,Mechanisms exist to address the exporting of cryptographic technologies in compliance with relevant statutory and regulatory requirements.,5
Cryptographic Protections ,Pre/Post Transmission Handling,CRY-01.3,Cryptographic mechanisms exist to ensure the confidentiality and integrity of information during preparation for transmission and during reception.,5
Cryptographic Protections ,Conceal / Randomize Communications,CRY-01.4,Cryptographic mechanisms exist to conceal or randomize communication patterns.,5
Cryptographic Protections ,Cryptographic Cipher Suites and Protocols Inventory,CRY-01.5,"Mechanisms exist to identify, document and review deployed cryptographic cipher suites and protocols to proactively respond to industry trends regarding the continued viability of utilized cryptographic cipher suites and protocols.",9
Cryptographic Protections ,Cryptographic Module Authentication,CRY-02,Automated mechanisms exist to enable systems to authenticate to a cryptographic module.,8
Cryptographic Protections ,Transmission Confidentiality ,CRY-03,Cryptographic mechanisms exist to protect the confidentiality of data being transmitted. ,10
Cryptographic Protections ,Transmission Integrity ,CRY-04,Cryptographic mechanisms exist to protect the integrity of data being transmitted. ,10
Cryptographic Protections ,Encrypting Data At Rest ,CRY-05,Cryptographic mechanisms exist to prevent unauthorized disclosure of data at rest. ,10
Cryptographic Protections ,Storage Media,CRY-05.1,Cryptographic mechanisms exist to protect the confidentiality and integrity of sensitive/regulated data residing on storage media.,8
Cryptographic Protections ,Offline Storage,CRY-05.2,Mechanisms exist to remove unused data from online storage and archive it off-line in a secure location until it can be disposed of according to data retention requirements.,5
Cryptographic Protections ,Database Encryption,CRY-05.3,Mechanisms exist to ensure that database servers utilize encryption to protect the confidentiality of the data within the databases.,8
Cryptographic Protections ,Non-Console Administrative Access,CRY-06,Cryptographic mechanisms exist to protect the confidentiality and integrity of non-console administrative access.,9
Cryptographic Protections ,Wireless Access Authentication & Encryption ,CRY-07,Mechanisms exist to protect the confidentiality and integrity of wireless networking technologies by implementing authentication and strong encryption.,9
Cryptographic Protections ,Public Key Infrastructure (PKI) ,CRY-08,Mechanisms exist to securely implement an internal Public Key Infrastructure (PKI) infrastructure or obtain PKI services from a reputable PKI service provider. ,9
Cryptographic Protections ,Availability,CRY-08.1,Resiliency mechanisms exist to ensure the availability of data in the event of the loss of cryptographic keys.,9
Cryptographic Protections ,Cryptographic Key Management ,CRY-09,"Mechanisms exist to facilitate cryptographic key management controls to protect the confidentiality, integrity and availability of keys.",10
Cryptographic Protections ,Symmetric Keys,CRY-09.1,Mechanisms exist to facilitate the production and management of symmetric cryptographic keys using Federal Information Processing Standards (FIPS)-compliant key management technology and processes. ,9
Cryptographic Protections ,Asymmetric Keys,CRY-09.2,Mechanisms exist to facilitate the production and management of asymmetric cryptographic keys using Federal Information Processing Standards (FIPS)-compliant key management technology and processes that protect the user’s private key. ,9
Cryptographic Protections ,Cryptographic Key Loss or Change,CRY-09.3,Mechanisms exist to ensure the availability of information in the event of the loss of cryptographic keys by individual users. ,8
Cryptographic Protections ,Control & Distribution of Cryptographic Keys,CRY-09.4,Mechanisms exist to facilitate the secure distribution of symmetric and asymmetric cryptographic keys using industry recognized key management technology and processes. ,9
Cryptographic Protections ,Assigned Owners ,CRY-09.5,Mechanisms exist to ensure cryptographic keys are bound to individual identities. ,8
Cryptographic Protections ,Third-Party Cryptographic Keys,CRY-09.6,Mechanisms exist to ensure customers are provided with appropriate key management guidance whenever cryptographic keys are shared.,7
Cryptographic Protections ,External System Cryptographic Key Control,CRY-09.7,Mechanisms exist to maintain control of cryptographic keys for encrypted material stored or transmitted through an external system.,5
Cryptographic Protections ,Transmission of Cybersecurity & Data Privacy Attributes ,CRY-10,Mechanisms exist to ensure systems associate security attributes with information exchanged between systems. ,5
Cryptographic Protections ,Certificate Authorities,CRY-11,Automated mechanisms exist to enable the use of organization-defined Certificate Authorities (CAs) to facilitate the establishment of protected sessions.,8
Cryptographic Protections ,Certificate Monitoring,CRY-12,Automated mechanisms exist to discover when new certificates are issued for organization-controlled domains.,5
Data Classification & Handling ,Data Protection ,DCH-01,Mechanisms exist to facilitate the implementation of data protection controls. ,10
Data Classification & Handling ,Data Stewardship ,DCH-01.1,"Mechanisms exist to ensure data stewardship is assigned, documented and communicated. ",10
Data Classification & Handling ,Sensitive / Regulated Data Protection,DCH-01.2,Mechanisms exist to protect sensitive/regulated data wherever it is stored.,9
Data Classification & Handling ,Sensitive / Regulated Media Records,DCH-01.3,Mechanisms exist to ensure media records for sensitive/regulated data contain sufficient information to determine the potential impact in the event of a data loss incident.,6
Data Classification & Handling ,Defining Access Authorizations for Sensitive/Regulated Data,DCH-01.4,Mechanisms exist to explicitly define authorizations for specific individuals and/or roles for logical and /or physical access to sensitive/regulated data.,9
Data Classification & Handling ,Data & Asset Classification ,DCH-02,"Mechanisms exist to ensure data and assets are categorized in accordance with applicable statutory, regulatory and contractual requirements. ",10
Data Classification & Handling ,Highest Classification Level,DCH-02.1,"Mechanisms exist to ensure that systems, applications and services are classified according to the highest level of data sensitivity that is stored, transmitted and/or processed.",8
Data Classification & Handling ,Media Access ,DCH-03,Mechanisms exist to control and restrict access to digital and non-digital media to authorized individuals. ,8
Data Classification & Handling ,Disclosure of Information,DCH-03.1,Mechanisms exist to restrict the disclosure of sensitive / regulated data to authorized parties with a need to know.,10
Data Classification & Handling ,Masking Displayed Data ,DCH-03.2,Mechanisms exist to apply data masking to sensitive/regulated information that is displayed or printed. ,7
Data Classification & Handling ,Controlled Release,DCH-03.3,Automated mechanisms exist to validate cybersecurity & data privacy attributes prior to releasing information to external systems.,4
Data Classification & Handling ,Media Marking ,DCH-04,"Mechanisms exist to mark media in accordance with data protection requirements so that personnel are alerted to distribution limitations, handling caveats and applicable security requirements. ",7
Data Classification & Handling ,Automated Marking,DCH-04.1,"Automated mechanisms exist to mark physical media and digital files to indicate the distribution limitations, handling requirements and applicable security markings (if any) of the information to aid Data Loss Prevention (DLP) technologies. ",2
Data Classification & Handling ,Cybersecurity & Data Privacy Attributes,DCH-05,"Mechanisms exist to bind cybersecurity & data privacy attributes to information as it is stored, transmitted and processed.",2
Data Classification & Handling ,Dynamic Attribute Association,DCH-05.1,"Mechanisms exist to dynamically associate cybersecurity & data privacy attributes with individuals and objects as information is created, combined, or transformed, in accordance with organization-defined cybersecurity and data privacy policies.",2
Data Classification & Handling ,Attribute Value Changes By Authorized Individuals,DCH-05.2,Mechanisms exist to provide authorized individuals (or processes acting on behalf of individuals) the capability to define or change the value of associated cybersecurity & data privacy attributes.,8
Data Classification & Handling ,Maintenance of Attribute Associations By System,DCH-05.3,Mechanisms exist to maintain the association and integrity of cybersecurity & data privacy attributes to individuals and objects.,2
Data Classification & Handling ,Association of Attributes By Authorized Individuals,DCH-05.4,Mechanisms exist to provide the capability to associate cybersecurity & data privacy attributes with individuals and objects by authorized individuals (or processes acting on behalf of individuals).,2
Data Classification & Handling ,Attribute Displays for Output Devices,DCH-05.5,"Mechanisms exist to display cybersecurity & data privacy attributes in human-readable form on each object that the system transmits to output devices to identify special dissemination, handling or distribution instructions using human-readable, standard naming conventions.",8
Data Classification & Handling ,Data Subject Attribute Associations,DCH-05.6,Mechanisms exist to require personnel to associate and maintain the association of cybersecurity & data privacy attributes with individuals and objects in accordance with cybersecurity and data privacy policies.,2
Data Classification & Handling ,Consistent Attribute Interpretation,DCH-05.7,"Mechanisms exist to provide a consistent, organizationally agreed upon interpretation of cybersecurity & data privacy attributes employed in access enforcement and flow enforcement decisions between distributed system components.",2
Data Classification & Handling ,Identity Association Techniques & Technologies,DCH-05.8,Mechanisms exist to associate cybersecurity & data privacy attributes to information.,2
Data Classification & Handling ,Attribute Reassignment,DCH-05.9,"Mechanisms exist to reclassify data as required, due to changing business/technical requirements.",7
Data Classification & Handling ,Attribute Configuration By Authorized Individuals,DCH-05.10,Mechanisms exist to provide authorized individuals the capability to define or change the type and value of cybersecurity & data privacy attributes available for association with subjects and objects.,8
Data Classification & Handling ,Audit Changes,DCH-05.11,Mechanisms exist to audit changes to cybersecurity & data privacy attributes and responds to events in accordance with incident response procedures.,7
Data Classification & Handling ,Media Storage,DCH-06,"Mechanisms exist to: 
(1) Physically control and securely store digital and non-digital media within controlled areas using organization-defined security measures; and
(2) Protect system media until the media are destroyed or sanitized using approved equipment, techniques and procedures.",8
Data Classification & Handling ,Physically Secure All Media,DCH-06.1,Mechanisms exist to physically secure all media that contains sensitive information.,9
Data Classification & Handling ,Sensitive Data Inventories,DCH-06.2,Mechanisms exist to maintain inventory logs of all sensitive media and conduct sensitive media inventories at least annually. ,9
Data Classification & Handling ,Periodic Scans for Sensitive / Regulated Data,DCH-06.3,"Mechanisms exist to periodically scan unstructured data sources for sensitive/regulated data or data requiring special protection measures by statutory, regulatory or contractual obligations. ",7
Data Classification & Handling ,Making Sensitive Data Unreadable In Storage,DCH-06.4,Mechanisms exist to ensure sensitive/regulated data is rendered human unreadable anywhere sensitive/regulated data is stored. ,9
Data Classification & Handling ,Storing Authentication Data,DCH-06.5,Mechanisms exist to prohibit the storage of sensitive transaction authentication data after authorization. ,5
Data Classification & Handling ,Media Transportation ,DCH-07,Mechanisms exist to protect and control digital and non-digital media during transport outside of controlled areas using appropriate security measures.,9
Data Classification & Handling ,Custodians,DCH-07.1,Mechanisms exist to identify custodians throughout the transport of digital or non-digital media. ,9
Data Classification & Handling ,Encrypting Data In Storage Media,DCH-07.2,Cryptographic mechanisms exist to protect the confidentiality and integrity of information stored on digital media during transport outside of controlled areas.,5
Data Classification & Handling ,Physical Media Disposal,DCH-08,"Mechanisms exist to securely dispose of media when it is no longer required, using formal procedures. ",10
Data Classification & Handling ,System Media Sanitization,DCH-09,"Mechanisms exist to sanitize system media with the strength and integrity commensurate with the classification or sensitivity of the information prior to disposal, release out of organizational control or release for reuse.",10
Data Classification & Handling ,System Media Sanitization Documentation,DCH-09.1,"Mechanisms exist to supervise, track, document and verify system media sanitization and disposal actions. ",7
Data Classification & Handling ,Equipment Testing,DCH-09.2,Mechanisms exist to test sanitization equipment and procedures to verify that the intended result is achieved. ,5
Data Classification & Handling ,Sanitization of Personal Data (PD),DCH-09.3,Mechanisms exist to facilitate the sanitization of Personal Data (PD).,9
Data Classification & Handling ,First Time Use Sanitization,DCH-09.4,Mechanisms exist to apply nondestructive sanitization techniques to portable storage devices prior to first use.,5
Data Classification & Handling ,Dual Authorization for Sensitive Data Destruction,DCH-09.5,"Mechanisms exist to enforce dual authorization for the destruction, disposal or sanitization of digital media that contains sensitive / regulated data.",5
Data Classification & Handling ,Media Use,DCH-10,Mechanisms exist to restrict the use of types of digital media on systems or system components. ,8
Data Classification & Handling ,Limitations on Use ,DCH-10.1,Mechanisms exist to restrict the use and distribution of sensitive / regulated data. ,10
Data Classification & Handling ,Prohibit Use Without Owner,DCH-10.2,Mechanisms exist to prohibit the use of portable storage devices in organizational information systems when such devices have no identifiable owner.,5
Data Classification & Handling ,Data Reclassification ,DCH-11,"Mechanisms exist to reclassify data, including associated systems, applications and services, commensurate with the security category and/or classification level of the information.",8
Data Classification & Handling ,Removable Media Security,DCH-12,Mechanisms exist to restrict removable media in accordance with data handling and acceptable usage parameters.,10
Data Classification & Handling ,Use of External Information Systems ,DCH-13,"Mechanisms exist to govern how external parties, systems and services are used to securely store, process and transmit data. ",9
Data Classification & Handling ,Limits of Authorized Use ,DCH-13.1,"Mechanisms exist to prohibit external parties, systems and services from storing, processing and transmitting data unless authorized individuals first: 
(1) Verifying the implementation of required security controls; or
(2) Retaining a processing agreement with the entity hosting the external systems or service.",8
Data Classification & Handling ,Portable Storage Devices,DCH-13.2,Mechanisms exist to restrict or prohibit the use of portable storage devices by users on external systems. ,9
Data Classification & Handling ,Protecting Sensitive Data on External Systems,DCH-13.3,"Mechanisms exist to ensure that the requirements for the protection of sensitive information processed, stored or transmitted on external systems, are implemented in accordance with applicable statutory, regulatory and contractual obligations.",10
Data Classification & Handling ,Non-Organizationally Owned Systems / Components / Devices,DCH-13.4,"Mechanisms exist to restrict the use of non-organizationally owned information systems, system components or devices to process, store or transmit organizational information.",5
Data Classification & Handling ,Information Sharing ,DCH-14,Mechanisms exist to utilize a process to assist users in making information sharing decisions to ensure data is appropriately protected.,9
Data Classification & Handling ,Information Search & Retrieval,DCH-14.1,Mechanisms exist to ensure information systems implement data search and retrieval functions that properly enforce data protection / sharing restrictions.,5
Data Classification & Handling ,Transfer Authorizations,DCH-14.2,"Mechanisms exist to verify that individuals or systems transferring data between interconnecting systems have the requisite authorizations (e.g., write permissions or privileges) prior to transferring said data.",8
Data Classification & Handling ,Data Access Mapping,DCH-14.3,Mechanisms exist to leverage data-specific Access Control Lists (ACL) or Interconnection Security Agreements (ISAs) to generate a logical map of the parties with whom sensitive/regulated data is shared.,9
Data Classification & Handling ,Publicly Accessible Content,DCH-15,Mechanisms exist to control publicly-accessible content.,10
Data Classification & Handling ,Data Mining Protection,DCH-16,Mechanisms exist to protect data storage objects against unauthorized data mining and data harvesting techniques. ,7
Data Classification & Handling ,Ad-Hoc Transfers ,DCH-17,Mechanisms exist to secure ad-hoc exchanges of large digital files with internal or external parties.,8
Data Classification & Handling ,Media & Data Retention ,DCH-18,"Mechanisms exist to retain media and data in accordance with applicable statutory, regulatory and contractual obligations. ",8
Data Classification & Handling ,Minimize Sensitive / Regulated Data,DCH-18.1,"Mechanisms exist to minimize sensitive/regulated data that is collected, received, processed, stored and/or transmitted throughout the information lifecycle to only those elements necessary to support necessary business processes.",8
Data Classification & Handling ,"Limit Sensitive / Regulated Data In Testing, Training & Research",DCH-18.2,"Mechanisms exist to minimize the use of sensitive/regulated data for research, testing, or training, in accordance with authorized, legitimate business practices.",8
Data Classification & Handling ,Temporary Files Containing Personal Data (PD),DCH-18.3,Mechanisms exist to perform periodic checks of temporary files for the existence of Personal Data (PD).,5
Data Classification & Handling ,Geographic Location of Data,DCH-19,"Mechanisms exist to inventory, document and maintain data flows for data that is resident (permanently or temporarily) within a service's geographically distributed applications (physical and virtual), infrastructure, systems components and/or shared with other third-parties.",9
Data Classification & Handling ,Archived Data Sets ,DCH-20,"Mechanisms exist to protect archived data in accordance with applicable statutory, regulatory and contractual obligations. ",8
Data Classification & Handling ,Information Disposal,DCH-21,"Mechanisms exist to securely dispose of, destroy or erase information.",10
Data Classification & Handling ,Data Quality Operations,DCH-22,"Mechanisms exist to check for Redundant, Obsolete/Outdated, Toxic or Trivial (ROTT) data to ensure the accuracy, relevance, timeliness, impact, completeness and de-identification of information throughout the information lifecycle.",5
Data Classification & Handling ,Updating & Correcting Personal Data (PD),DCH-22.1,"Mechanisms exist to utilize technical controls to correct Personal Data (PD) that is inaccurate or outdated, incorrectly determined regarding impact, or incorrectly de-identified.",6
Data Classification & Handling ,Data Tags,DCH-22.2,Mechanisms exist to utilize data tags to automate tracking of sensitive/regulated data across the information lifecycle.,3
Data Classification & Handling ,Primary Source Personal Data (PD) Collection,DCH-22.3,Mechanisms exist to collect Personal Data (PD) directly from the individual. ,8
Data Classification & Handling ,De-Identification (Anonymization),DCH-23,Mechanisms exist to anonymize data by removing Personal Data (PD) from datasets.,8
Data Classification & Handling ,De-Identify Dataset Upon Collection,DCH-23.1,Mechanisms exist to de-identify the dataset upon collection by not collecting Personal Data (PD).,8
Data Classification & Handling ,Archiving,DCH-23.2,Mechanisms exist to refrain from archiving Personal Data (PD) elements if those elements in a dataset will not be needed after the dataset is archived.,8
Data Classification & Handling ,Release,DCH-23.3,Mechanisms exist to remove Personal Data (PD) elements from a dataset prior to its release if those elements in the dataset do not need to be part of the data release.,8
Data Classification & Handling ,"Removal, Masking, Encryption, Hashing or Replacement of Direct Identifiers",DCH-23.4,"Mechanisms exist to remove, mask, encrypt, hash or replace direct identifiers in a dataset.",8
Data Classification & Handling ,Statistical Disclosure Control,DCH-23.5,"Mechanisms exist to manipulate numerical data, contingency tables and statistical findings so that no person or organization is identifiable in the results of the analysis.",1
Data Classification & Handling ,Differential Data Privacy,DCH-23.6,Mechanisms exist to prevent disclosure of Personal Data (PD) by adding non-deterministic noise to the results of mathematical operations before the results are reported.,1
Data Classification & Handling ,Automated De-Identification of Sensitive Data,DCH-23.7,"Mechanisms exist to perform de-identification of sensitive/regulated data, using validated algorithms and software to implement the algorithms.",1
Data Classification & Handling ,Motivated Intruder,DCH-23.8,Mechanisms exist to perform a motivated intruder test on the de-identified dataset to determine if the identified data remains or if the de-identified data can be re-identified.,3
Data Classification & Handling ,Code Names,DCH-23.9,"Mechanisms exist to use aliases to name assets, which are mission-critical and/or contain highly-sensitive/regulated data, are unique and not readily associated with a product, project or type of data.",1
Data Classification & Handling ,Information Location,DCH-24,Mechanisms exist to identify and document the location of information and the specific system components on which the information resides.,10
Data Classification & Handling ,Automated Tools to Support Information Location,DCH-24.1,Automated mechanisms exist to identify by data classification type to ensure adequate cybersecurity & data privacy controls are in place to protect organizational information and individual data privacy.,6
Data Classification & Handling ,Transfer of Sensitive and/or Regulated Data,DCH-25,Mechanisms exist to restrict and govern the transfer of sensitive and/or regulated data to third-countries or international organizations.,10
Data Classification & Handling ,Transfer Activity Limits,DCH-25.1,"Mechanisms exist to establish organization-defined ""normal business activities"" to identify anomalous transaction activities that can reduce the opportunity for sending (outbound) and/or receiving (inbound) fraudulent actions.",7
Data Classification & Handling ,Data Localization,DCH-26,"Mechanisms exist to constrain the impact of ""digital sovereignty laws,"" that require localized data within the host country, where data and processes may be subjected to arbitrary enforcement actions that potentially violate other applicable statutory, regulatory and/or contractual obligations.",10
Data Classification & Handling ,Data Rights Management (DRM),DCH-27,"Mechanisms exist to utilize Data Rights Management (DRM), or similar technologies, to protect Intellectual Property (IP) rights by preventing the unauthorized distribution and/or modification of sensitive IP.",6
Embedded Technology ,Embedded Technology Security Program ,EMB-01,Mechanisms exist to facilitate the implementation of embedded technology controls. ,10
Embedded Technology ,Internet of Things (IOT) ,EMB-02,Mechanisms exist to proactively manage the cybersecurity & data privacy risks associated with Internet of Things (IoT).,9
Embedded Technology ,Operational Technology (OT) ,EMB-03,Mechanisms exist to proactively manage the cybersecurity & data privacy risks associated with Operational Technology (OT).,9
Embedded Technology ,Interface Security,EMB-04,Mechanisms exist to protect embedded devices against unauthorized use of the physical factory diagnostic and test interface(s).,4
Embedded Technology ,Embedded Technology Configuration Monitoring,EMB-05,Mechanisms exist to generate log entries on embedded devices when configuration changes or attempts to access interfaces are detected.,6
Embedded Technology ,Prevent Alterations,EMB-06,Mechanisms exist to protect embedded devices by preventing the unauthorized installation and execution of software.,6
Embedded Technology ,Embedded Technology Maintenance,EMB-07,Mechanisms exist to securely update software and upgrade functionality on embedded devices.,6
Embedded Technology ,Resilience To Outages,EMB-08,Mechanisms exist to configure embedded technology to be resilient to data network and power outages.,2
Embedded Technology ,Power Level Monitoring,EMB-09,"Automated mechanisms exist to monitor the power levels of embedded technologies for decreased or excessive power usage, including battery drainage, to investigate for device tampering.",4
Embedded Technology ,Embedded Technology Reviews,EMB-10,"Mechanisms exist to perform evaluations of deployed embedded technologies as needed, or at least on an annual basis, to ensure that necessary updates to mitigate the risks associated with legacy embedded technologies are identified and implemented.",8
Embedded Technology ,Message Queuing Telemetry Transport (MQTT) Security,EMB-11,Mechanisms exist to enforce the security of Message Queuing Telemetry Transport (MQTT) traffic.,7
Embedded Technology ,Restrict Communications,EMB-12,"Mechanisms exist to require embedded technologies to initiate all communications and drop new, incoming communications.",8
Embedded Technology ,Authorized Communications,EMB-13,Mechanisms exist to restrict embedded technologies to communicate only with authorized peers and service endpoints.,8
Embedded Technology ,Operating Environment Certification,EMB-14,Mechanisms exist to determine if embedded technologies are certified for secure use in the proposed operating environment.,9
Embedded Technology ,Safety Assessment,EMB-15,"Mechanisms exist to evaluate the safety aspects of embedded technologies via a fault tree analysis, or similar method, to determine possible consequences of misuse, misconfiguration and/or failure.",9
Embedded Technology ,Certificate-Based Authentication,EMB-16,"Mechanisms exist to enforce certificate-based authentication for embedded technologies (e.g., IoT, OT, etc.) and their supporting services.",5
Embedded Technology ,Chip-To-Cloud Security,EMB-17,Mechanisms exist to implement embedded technologies that utilize pre-provisioned cloud trust anchors to support secure bootstrap and Zero Touch Provisioning (ZTP).,6
Embedded Technology ,Real-Time Operating System (RTOS) Security,EMB-18,Mechanisms exist to ensure embedded technologies utilize a securely configured Real-Time Operating System (RTOS).,5
Embedded Technology ,Safe Operations,EMB-19,Mechanisms exist to continuously validate autonomous systems that trigger an automatic state change when safe operation is no longer assured.,9
Endpoint Security,Endpoint Security ,END-01,Mechanisms exist to facilitate the implementation of endpoint security controls.,10
Endpoint Security,Endpoint Protection Measures ,END-02,"Mechanisms exist to protect the confidentiality, integrity, availability and safety of endpoint devices.",9
Endpoint Security,Prohibit Installation Without Privileged Status ,END-03,Automated mechanisms exist to prohibit software installations without explicitly assigned privileged status. ,9
Endpoint Security,Software Installation Alerts,END-03.1,Mechanisms exist to generate an alert when new software is detected. ,8
Endpoint Security,Governing Access Restriction for Change,END-03.2,"Mechanisms exist to define, document, approve and enforce access restrictions associated with changes to systems.",8
Endpoint Security,Malicious Code Protection (Anti-Malware) ,END-04,Mechanisms exist to utilize antimalware technologies to detect and eradicate malicious code.,10
Endpoint Security,Automatic Antimalware Signature Updates,END-04.1,"Mechanisms exist to automatically update antimalware technologies, including signature definitions. ",9
Endpoint Security,Documented Protection Measures,END-04.2,Mechanisms exist to document antimalware technologies.,3
Endpoint Security,Centralized Management of Antimalware Technologies,END-04.3,Mechanisms exist to centrally-manage antimalware technologies.,8
Endpoint Security,Heuristic / Nonsignature-Based Detection,END-04.4,Mechanisms exist to utilize heuristic / nonsignature-based antimalware detection capabilities.,8
Endpoint Security,Malware Protection Mechanism Testing,END-04.5,"Mechanisms exist to test antimalware technologies by introducing a known benign, non-spreading test case into the system and subsequently verifying that both detection of the test case and associated incident reporting occurs. ",5
Endpoint Security,Evolving Malware Threats,END-04.6,Mechanisms exist to perform periodic evaluations evolving malware threats to assess systems that are generally not considered to be commonly affected by malicious software. ,3
Endpoint Security,Always On Protection,END-04.7,"Mechanisms exist to ensure that anti-malware technologies are continuously running in real-time and cannot be disabled or altered by non-privileged users, unless specifically authorized by management on a case-by-case basis for a limited time period. ",9
Endpoint Security,Software Firewall ,END-05,"Mechanisms exist to utilize host-based firewall software, or a similar technology, on all information systems, where technically feasible.",9
Endpoint Security,Endpoint File Integrity Monitoring (FIM) ,END-06,"Mechanisms exist to utilize File Integrity Monitor (FIM), or similar technologies, to detect and report on unauthorized changes to selected files and configuration settings.",8
Endpoint Security,Integrity Checks ,END-06.1,Mechanisms exist to validate configurations through integrity checking of software and firmware.,6
Endpoint Security,Endpoint Detection & Response (EDR),END-06.2,Mechanisms exist to detect and respond to unauthorized configuration changes as cybersecurity incidents.,9
Endpoint Security,Automated Notifications of Integrity Violations,END-06.3,Automated mechanisms exist to alert incident response personnel upon discovering discrepancies during integrity verification. ,5
Endpoint Security,Automated Response to Integrity Violations,END-06.4,Automated mechanisms exist to implement remediation actions when integrity violations are discovered. ,5
Endpoint Security,Boot Process Integrity,END-06.5,Automated mechanisms exist to verify the integrity of the boot process of information systems.,5
Endpoint Security,Protection of Boot Firmware,END-06.6,Automated mechanisms exist to protect the integrity of boot firmware in information systems.,5
Endpoint Security,Binary or Machine-Executable Code,END-06.7,Mechanisms exist to prohibit the use of binary or machine-executable code from sources with limited or no warranty and without access to source code.,5
Endpoint Security,Host Intrusion Detection and Prevention Systems (HIDS / HIPS) ,END-07,"Mechanisms exist to utilize Host-based Intrusion Detection / Prevention Systems (HIDS / HIPS), or similar technologies, to monitor for and protect against anomalous host activity, including lateral movement across the network.",9
Endpoint Security,Phishing & Spam Protection ,END-08,Mechanisms exist to utilize anti-phishing and spam protection technologies to detect and take action on unsolicited messages transported by electronic mail.,10
Endpoint Security,Central Management,END-08.1,Mechanisms exist to centrally-manage anti-phishing and spam protection technologies.,5
Endpoint Security,Automatic Spam and Phishing Protection Updates,END-08.2,Mechanisms exist to automatically update anti-phishing and spam protection technologies when new releases are available in accordance with configuration and change management practices.,8
Endpoint Security,Trusted Path,END-09,Mechanisms exist to establish a trusted communications path between the user and the security functions of the operating system.,9
Endpoint Security,Mobile Code,END-10,Mechanisms exist to address mobile code / operating system-independent applications. ,4
Endpoint Security,Thin Nodes,END-11,Mechanisms exist to configure thin nodes to have minimal functionality and information storage. ,4
Endpoint Security,Port & Input / Output (I/O) Device Access ,END-12,Mechanisms exist to physically disable or remove unnecessary connection ports or input/output devices from sensitive systems.,6
Endpoint Security,Sensor Capability,END-13,"Mechanisms exist to configure embedded sensors on systems to: 
(1) Prohibit the remote activation of sensing capabilities; and
(2) Provide an explicit indication of sensor use to users.",7
Endpoint Security,Authorized Use,END-13.1,Mechanisms exist to utilize organization-defined measures so that data or information collected by sensors is only used for authorized purposes.,8
Endpoint Security,Notice of Collection,END-13.2,Mechanisms exist to notify individuals that Personal Data (PD) is collected by sensors.,6
Endpoint Security,Collection Minimization,END-13.3,Mechanisms exist to utilize sensors that are configured to minimize the collection of information about individuals.,8
Endpoint Security,Sensor Delivery Verification,END-13.4,Mechanisms exist to verify embedded technology sensors are configured so that data collected by the sensor(s) is only reported to authorized individuals or roles.,4
Endpoint Security,Collaborative Computing Devices ,END-14,"Mechanisms exist to unplug or prohibit the remote activation of collaborative computing devices with the following exceptions: 
(1) Networked whiteboards; 
(2) Video teleconference cameras; and 
(3) Teleconference microphones.",9
Endpoint Security,Disabling / Removal In Secure Work Areas,END-14.1,Mechanisms exist to disable or remove collaborative computing devices from critical information systems and secure work areas.,5
Endpoint Security,Explicitly Indicate Current Participants,END-14.2,Automated mechanisms exist to provide an explicit indication of current participants in online meetings and teleconferences.,5
Endpoint Security,Participant Identity Verification,END-14.3,Mechanisms exist to verify individual identities to ensure that access to virtual meetings is limited to appropriate individuals.,7
Endpoint Security,Participant Connection Management,END-14.4,Mechanisms exist to ensure the meeting host can positively control an individual's participation in virtual meetings.,5
Endpoint Security,Malicious Link & File Protections,END-14.5,Automated mechanisms exist to detect malicious links and/or files in communications and prevent users from accessing those malicious links and/or files.,7
Endpoint Security,Explicit Indication Of Use,END-14.6,Mechanisms exist to configure collaborative computing devices to provide physically-present individuals with an explicit indication of use.,6
Endpoint Security,Hypervisor Access ,END-15,Mechanisms exist to restrict access to hypervisor management functions or administrative consoles for systems hosting virtualized systems.,9
Endpoint Security,Restrict Access To Security Functions,END-16,Mechanisms exist to ensure security functions are restricted to authorized individuals and enforce least privilege control requirements for necessary job functions.,7
Endpoint Security,Host-Based Security Function Isolation,END-16.1,Mechanisms exist to implement underlying software separation mechanisms to facilitate security function isolation. ,7
Human Resources Security,Human Resources Security Management,HRS-01,Mechanisms exist to facilitate the implementation of personnel security controls.,10
Human Resources Security,"Onboarding, Transferring & Offboarding Personnel",HRS-01.1,"Mechanisms exist to proactively govern the following personnel management actions:
(1) Onboarding new personnel (e.g., new hires);
(2) Transferring personnel into new roles within the organization; and 
(3) Offboarding personnel (e.g., termination of employment).",9
Human Resources Security,Position Categorization ,HRS-02,Mechanisms exist to manage personnel security risk by assigning a risk designation to all positions and establishing screening criteria for individuals filling those positions.,8
Human Resources Security,Users With Elevated Privileges,HRS-02.1,"Mechanisms exist to ensure that every user accessing a system that processes, stores, or transmits sensitive information is cleared and regularly trained to handle the information in question.",10
Human Resources Security,Probationary Periods,HRS-02.2,Mechanisms exist to identify newly onboarded personnel for enhanced monitoring during their probationary period.,1
Human Resources Security,Defined Roles & Responsibilities ,HRS-03,Mechanisms exist to define cybersecurity roles & responsibilities for all personnel. ,10
Human Resources Security,User Awareness ,HRS-03.1,Mechanisms exist to communicate with users about their roles and responsibilities to maintain a safe and secure working environment.,9
Human Resources Security,Competency Requirements for Security-Related Positions,HRS-03.2,Mechanisms exist to ensure that all security-related positions are staffed by qualified individuals who have the necessary skill set. ,9
Human Resources Security,Personnel Screening ,HRS-04,Mechanisms exist to manage personnel security risk by screening individuals prior to authorizing access.,10
Human Resources Security,Roles With Special Protection Measures,HRS-04.1,"Mechanisms exist to ensure that individuals accessing a system that stores, transmits or processes information requiring special protection satisfy organization-defined personnel screening criteria.",9
Human Resources Security,Formal Indoctrination,HRS-04.2,Mechanisms exist to formally educate authorized users on proper data handling practices for all the relevant types of data to which they have access.,7
Human Resources Security,Citizenship Requirements,HRS-04.3,"Mechanisms exist to verify that individuals accessing a system processing, storing, or transmitting sensitive information meet applicable statutory, regulatory and/or contractual requirements for citizenship.",5
Human Resources Security,Citizenship Identification,HRS-04.4,"Mechanisms exist to identify foreign nationals, including by their specific citizenship.",3
Human Resources Security,Terms of Employment ,HRS-05,Mechanisms exist to require all employees and contractors to apply cybersecurity & data privacy principles in their daily work.,10
Human Resources Security,Rules of Behavior,HRS-05.1,"Mechanisms exist to define acceptable and unacceptable rules of behavior for the use of technologies, including consequences for unacceptable behavior.",10
Human Resources Security,Social Media & Social Networking Restrictions,HRS-05.2,"Mechanisms exist to define rules of behavior that contain explicit restrictions on the use of social media and networking sites, posting information on commercial websites and sharing account information. ",9
Human Resources Security,Technology Use Restrictions,HRS-05.3,"Mechanisms exist to establish usage restrictions and implementation guidance for organizational technologies based on the potential to cause damage to systems, if used maliciously. ",10
Human Resources Security,Use of Critical Technologies ,HRS-05.4,Mechanisms exist to govern usage policies for critical technologies. ,9
Human Resources Security,Use of Mobile Devices,HRS-05.5,Mechanisms exist to manage business risks associated with permitting mobile device access to organizational resources.,9
Human Resources Security,Security-Minded Dress Code,HRS-05.6,"Mechanisms exist to prohibit the use of oversized clothing (e.g., baggy pants, oversized hooded sweatshirts, etc.) to prevent the unauthorized exfiltration of data and technology assets.",1
Human Resources Security,Policy Familiarization & Acknowledgement,HRS-05.7,Mechanisms exist to ensure personnel receive recurring familiarization with the organization's cybersecurity & data privacy policies and provide acknowledgement.,8
Human Resources Security,Access Agreements ,HRS-06,Mechanisms exist to require internal and third-party users to sign appropriate access agreements prior to being granted access. ,10
Human Resources Security,Confidentiality Agreements,HRS-06.1,"Mechanisms exist to require Non-Disclosure Agreements (NDAs) or similar confidentiality agreements that reflect the needs to protect data and operational details, or both employees and third-parties.",10
Human Resources Security,Post-Employment Requirements Awareness,HRS-06.2,"Mechanisms exist to notify individuals of their applicable, legally-binding post-employment requirements for the protection of sensitive/regulated data.",5
Human Resources Security,Personnel Sanctions,HRS-07,"Mechanisms exist to sanction personnel failing to comply with established security policies, standards and procedures. ",9
Human Resources Security,Workplace Investigations,HRS-07.1,Mechanisms exist to conduct employee misconduct investigations when there is reasonable assurance that a policy has been violated. ,8
Human Resources Security,Updating Disciplinary Processes,HRS-07.2,"Mechanisms exist to periodically review and, where appropriate, update disciplinary practices due to:
(1) Legal changes;
(2) Significant changes to operations; and
(3) Applicable threats and risks.",3
Human Resources Security,Personnel Transfer,HRS-08,"Mechanisms exist to adjust logical and physical access authorizations to systems and facilities upon personnel reassignment or transfer, in a timely manner.",9
Human Resources Security,Personnel Termination ,HRS-09,Mechanisms exist to govern the termination of individual employment.,9
Human Resources Security,Asset Collection,HRS-09.1,Mechanisms exist to retrieve organization-owned assets upon termination of an individual's employment.,9
Human Resources Security,High-Risk Terminations,HRS-09.2,"Mechanisms exist to expedite the process of removing ""high risk"" individual’s access to systems and applications upon termination, as determined by management.",9
Human Resources Security,Post-Employment Requirements Notification,HRS-09.3,"Mechanisms exist to govern former employee behavior by formally notifying terminated individuals of their applicable, legally binding post-employment requirements for the protection of sensitive/regulated data.",8
Human Resources Security,Automated Employment Status Notifications,HRS-09.4,Automated mechanisms exist to notify Identity and Access Management (IAM) personnel or roles upon termination of an individual employment or contract.,5
Human Resources Security,Third-Party Personnel Security,HRS-10,Mechanisms exist to govern third-party personnel by reviewing and monitoring third-party cybersecurity & data privacy roles and responsibilities.,10
Human Resources Security,Separation of Duties (SoD),HRS-11,Mechanisms exist to implement and maintain Separation of Duties (SoD) to prevent potential inappropriate activity without collusion.,7
Human Resources Security,Incompatible Roles ,HRS-12,"Mechanisms exist to avoid incompatible development-specific roles through limiting and reviewing developer privileges to change hardware, software and firmware components within a production/operational environment.",8
Human Resources Security,Two-Person Rule,HRS-12.1,Mechanisms exist to enforce a two-person rule for implementing changes to sensitive systems.,7
Human Resources Security,Identify Critical Skills & Gaps,HRS-13,Mechanisms exist to evaluate the critical cybersecurity & data privacy skills needed to support the organization's mission and identify gaps that exist.,5
Human Resources Security,Remediate Identified Skills Deficiencies,HRS-13.1,Mechanisms exist to remediate critical skills deficiencies necessary to support the organization's mission and business functions.,5
Human Resources Security,Identify Vital Cybersecurity & Data Privacy Staff,HRS-13.2,Mechanisms exist to identify vital cybersecurity & data privacy staff.,5
Human Resources Security,Establish Redundancy for Vital Cybersecurity & Data Privacy Staff,HRS-13.3,Mechanisms exist to establish redundancy for vital cybersecurity & data privacy staff.,5
Human Resources Security,Perform Succession Planning,HRS-13.4,Mechanisms exist to perform succession planning for vital cybersecurity & data privacy roles.,5
Human Resources Security,Identifying Authorized Work Locations,HRS-14,"Mechanisms exist to identify and document authorized working locations, including:
(1) Designated on-premises, organization-controlled work locations; and
(2) Other off-premises locations not under organization-control (e.g., work from home).",8
Human Resources Security,Communicating Authorized Work Locations,HRS-14.1,Mechanisms exist to communicate authorized work locations to organizational personnel.,8
Human Resources Security,Reporting Suspicious Activities,HRS-15,"Mechanisms exist to enable personnel to report suspicious activities and/or behavior without fear of reprisal or other negative consequences (e.g., whistleblower protections).",7
Identification & Authentication,Identity & Access Management (IAM) ,IAC-01,Mechanisms exist to facilitate the implementation of identification and access management controls.,10
Identification & Authentication,Retain Access Records,IAC-01.1,"Mechanisms exist to retain a record of personnel accountability to ensure there is a record of all access granted to an individual (system and application-wise), who provided the authorization, when the authorization was granted and when the access was last reviewed.",3
Identification & Authentication,"Authenticate, Authorize and Audit (AAA)",IAC-01.2,"Mechanisms exist to strictly govern the use of Authenticate, Authorize and Audit (AAA) solutions, both on-premises and those hosted by an External Service Provider (ESP).",9
Identification & Authentication,User & Service Account Inventories,IAC-01.3,Mechanisms exist to maintain a current list of authorized users and service accounts.,10
Identification & Authentication,Identification & Authentication for Organizational Users ,IAC-02,"Mechanisms exist to uniquely identify and centrally Authenticate, Authorize and Audit (AAA) organizational users and processes acting on behalf of organizational users. ",9
Identification & Authentication,Group Authentication ,IAC-02.1,Mechanisms exist to require individuals to be authenticated with an individual authenticator when a group authenticator is utilized. ,7
Identification & Authentication,Replay-Resistant Authentication,IAC-02.2,Automated mechanisms exist to employ replay-resistant authentication.,9
Identification & Authentication,Acceptance of PIV Credentials ,IAC-02.3,Mechanisms exist to accept and electronically verify organizational Personal Identity Verification (PIV) credentials. ,2
Identification & Authentication,Out-of-Band Authentication (OOBA) ,IAC-02.4,Mechanisms exist to implement Out-of-Band Authentication (OOBA) under specific conditions. ,5
Identification & Authentication,Identification & Authentication for Non-Organizational Users ,IAC-03,"Mechanisms exist to uniquely identify and centrally Authenticate, Authorize and Audit (AAA) third-party users and processes that provide services to the organization.",9
Identification & Authentication,Acceptance of PIV Credentials from Other Organizations ,IAC-03.1,Mechanisms exist to accept and electronically verify Personal Identity Verification (PIV) credentials from third-parties.,2
Identification & Authentication,Acceptance of Third-Party Credentials,IAC-03.2,"Automated mechanisms exist to accept Federal Identity, Credential and Access Management (FICAM)-approved third-party credentials. ",2
Identification & Authentication,Use of FICAM-Issued Profiles,IAC-03.3,"Mechanisms exist to conform systems to Federal Identity, Credential and Access Management (FICAM)-issued profiles. ",2
Identification & Authentication,Disassociability,IAC-03.4,"Mechanisms exist to disassociate user attributes or credential assertion relationships among individuals, credential service providers and relying parties.",2
Identification & Authentication,Acceptance of External Authenticators,IAC-03.5,Mechanisms exist to restrict the use of external authenticators to those that are National Institute of Standards and Technology (NIST)-compliant and maintain a list of accepted external authenticators.,4
Identification & Authentication,Identification & Authentication for Devices,IAC-04,"Mechanisms exist to uniquely identify and centrally Authenticate, Authorize and Audit (AAA) devices before establishing a connection using bidirectional authentication that is cryptographically- based and replay resistant.",9
Identification & Authentication,Device Attestation,IAC-04.1,Mechanisms exist to ensure device identification and authentication is accurate by centrally-managing the joining of systems to the domain as part of the initial asset configuration management process.,5
Identification & Authentication,Device Authorization Enforcement,IAC-04.2,Mechanisms exist to enforce cryptographic communications keys to prevent one key from being used to access multiple devices.,5
Identification & Authentication,Identification & Authentication for Third Party Systems & Services,IAC-05,Mechanisms exist to identify and authenticate third-party systems and services.,9
Identification & Authentication,Sharing Identification & Authentication Information,IAC-05.1,Mechanisms exist to ensure external service providers provide current and accurate information for any third-party user with access to the organization's data or assets.,5
Identification & Authentication,Privileged Access by Non-Organizational Users,IAC-05.2,Mechanisms exist to prohibit privileged access by non-organizational users.,9
Identification & Authentication,Multi-Factor Authentication (MFA),IAC-06,"Automated mechanisms exist to enforce Multi-Factor Authentication (MFA) for:
(1) Remote network access; 
(2) Third-party systems, applications and/or services; and/ or
(3) Non-console access to critical systems or systems that store, transmit and/or process sensitive/regulated data.",9
Identification & Authentication,Network Access to Privileged Accounts,IAC-06.1,Mechanisms exist to utilize Multi-Factor Authentication (MFA) to authenticate network access for privileged accounts. ,9
Identification & Authentication,Network Access to Non-Privileged Accounts ,IAC-06.2,Mechanisms exist to utilize Multi-Factor Authentication (MFA) to authenticate network access for non-privileged accounts. ,7
Identification & Authentication,Local Access to Privileged Accounts ,IAC-06.3,Mechanisms exist to utilize Multi-Factor Authentication (MFA) to authenticate local access for privileged accounts. ,5
Identification & Authentication,Out-of-Band Multi-Factor Authentication ,IAC-06.4,Mechanisms exist to implement Multi-Factor Authentication (MFA) for access to privileged and non-privileged accounts such that one of the factors is independently provided by a device separate from the system being accessed. ,5
Identification & Authentication,User Provisioning & De-Provisioning ,IAC-07,Mechanisms exist to utilize a formal user registration and de-registration process that governs the assignment of access rights. ,10
Identification & Authentication,Change of Roles & Duties,IAC-07.1,"Mechanisms exist to revoke user access rights following changes in personnel roles and duties, if no longer necessary or permitted. ",10
Identification & Authentication,Termination of Employment,IAC-07.2,"Mechanisms exist to revoke user access rights in a timely manner, upon termination of employment or contract.",10
Identification & Authentication,Role-Based Access Control (RBAC) ,IAC-08,Mechanisms exist to enforce a Role-Based Access Control (RBAC) policy over users and resources that applies need-to-know and fine-grained access control for sensitive/regulated data access.,9
Identification & Authentication,Identifier Management (User Names),IAC-09,Mechanisms exist to govern naming standards for usernames and systems.,9
Identification & Authentication,User Identity (ID) Management ,IAC-09.1,Mechanisms exist to ensure proper user identification management for non-consumer users and administrators. ,9
Identification & Authentication,Identity User Status,IAC-09.2,Mechanisms exist to identify contractors and other third-party users through unique username characteristics. ,7
Identification & Authentication,Dynamic Management,IAC-09.3,Mechanisms exist to dynamically manage usernames and system identifiers. ,5
Identification & Authentication,Cross-Organization Management,IAC-09.4,Mechanisms exist to coordinate username identifiers with external organizations for cross-organization management of identifiers. ,5
Identification & Authentication,Privileged Account Identifiers,IAC-09.5,Mechanisms exist to uniquely manage privileged accounts to identify the account as a privileged user or service.,9
Identification & Authentication,Pairwise Pseudonymous Identifiers (PPID),IAC-09.6,Mechanisms exist to generate pairwise pseudonymous identifiers with no identifying information about a data subject to discourage activity tracking and profiling of the data subject.,1
Identification & Authentication,Authenticator Management,IAC-10,"Mechanisms exist to:
(1) Securely manage authenticators for users and devices; and
(2) Ensure the strength of authentication is appropriate to the classification of the data being accessed.",10
Identification & Authentication,Password-Based Authentication ,IAC-10.1,"Mechanisms exist to enforce complexity, length and lifespan considerations to ensure strong criteria for password-based authentication.",9
Identification & Authentication,PKI-Based Authentication,IAC-10.2,Automated mechanisms exist to validate certificates by constructing and verifying a certification path to an accepted trust anchor including checking certificate status information for PKI-based authentication.,9
Identification & Authentication,In-Person or Trusted Third-Party Registration,IAC-10.3,Mechanisms exist to conduct in-person or trusted third-party identify verification before user accounts for third-parties are created.,9
Identification & Authentication,Automated Support For Password Strength,IAC-10.4,Automated mechanisms exist to determine if password authenticators are sufficiently strong enough to satisfy organization-defined password length and complexity requirements. ,5
Identification & Authentication,Protection of Authenticators,IAC-10.5,Mechanisms exist to protect authenticators commensurate with the sensitivity of the information to which use of the authenticator permits access. ,10
Identification & Authentication,No Embedded Unencrypted Static Authenticators,IAC-10.6,"Mechanisms exist to ensure that unencrypted, static authenticators are not embedded in applications, scripts or stored on function keys. ",10
Identification & Authentication,Hardware Token-Based Authentication,IAC-10.7,Automated mechanisms exist to ensure organization-defined token quality requirements are satisfied for hardware token-based authentication.,9
Identification & Authentication,Default Authenticators,IAC-10.8,Mechanisms exist to ensure default authenticators are changed as part of account creation or system installation.,10
Identification & Authentication,Multiple Information System Accounts,IAC-10.9,Mechanisms exist to implement security safeguards to manage the risk of compromise due to individuals having accounts on multiple information systems.,5
Identification & Authentication,Expiration of Cached Authenticators,IAC-10.10,Automated mechanisms exist to prohibit the use of cached authenticators after organization-defined time period.,5
Identification & Authentication,Password Managers,IAC-10.11,Mechanisms exist to protect and store passwords via a password manager tool.,8
Identification & Authentication,Biometric Authentication,IAC-10.12,Mechanisms exist to ensure biometric-based authentication satisfies organization-defined biometric quality requirements for false positives and false negatives.,5
Identification & Authentication,Events Requiring Authenticator Change,IAC-10.13,"Mechanisms exist to change authentication credentials:
(1) At predefined intervals; and/or
(2) Upon suspicion of credential compromise.",9
Identification & Authentication,Authenticator Feedback,IAC-11,Mechanisms exist to obscure the feedback of authentication information during the authentication process to protect the information from possible exploitation/use by unauthorized individuals. ,6
Identification & Authentication,Cryptographic Module Authentication ,IAC-12,"Mechanisms exist to ensure cryptographic modules adhere to applicable statutory, regulatory and contractual requirements for security strength.",8
Identification & Authentication,Hardware Security Modules (HSM),IAC-12.1,Automated mechanisms exist to utilize Hardware Security Modules (HSM) to protect authenticators on which the component relies. ,3
Identification & Authentication,Adaptive Identification & Authentication ,IAC-13,Mechanisms exist to allow individuals to utilize alternative methods of authentication under specific circumstances or situations.,5
Identification & Authentication,Single Sign-On (SSO) Transparent Authentication,IAC-13.1,"Mechanisms exist to provide a transparent authentication (e.g., Single Sign-On (SSO)) capability to the organization's systems and services.",5
Identification & Authentication,Federated Credential Management,IAC-13.2,Mechanisms exist to federate credentials to allow cross-organization authentication of individuals and devices.,4
Identification & Authentication,Continuous Authentication,IAC-13.3,Automated mechanisms exist to enable continuous re-authentication through the lifecycle of entity interactions.,2
Identification & Authentication,Re-Authentication ,IAC-14,Mechanisms exist to force users and devices to re-authenticate according to organization-defined circumstances that necessitate re-authentication. ,8
Identification & Authentication,Account Management ,IAC-15,"Mechanisms exist to proactively govern account management of individual, group, system, service, application, guest and temporary accounts.",10
Identification & Authentication,Automated System Account Management (Directory Services) ,IAC-15.1,"Automated mechanisms exist to support the management of system accounts (e.g., directory services). ",5
Identification & Authentication,Removal of Temporary / Emergency Accounts,IAC-15.2,Automated mechanisms exist to disable or remove temporary and emergency accounts after an organization-defined time period for each type of account. ,9
Identification & Authentication,Disable Inactive Accounts,IAC-15.3,Automated mechanisms exist to disable inactive accounts after an organization-defined time period. ,10
Identification & Authentication,Automated Audit Actions,IAC-15.4,"Automated mechanisms exist to audit account creation, modification, enabling, disabling and removal actions and notify organization-defined personnel or roles. ",5
Identification & Authentication,Restrictions on Shared Groups / Accounts,IAC-15.5,Mechanisms exist to authorize the use of shared/group accounts only under certain organization-defined conditions.,10
Identification & Authentication,Account Disabling for High Risk Individuals,IAC-15.6,Mechanisms exist to disable accounts immediately upon notification for users posing a significant risk to the organization.,10
Identification & Authentication,System Account Reviews,IAC-15.7,Mechanisms exist to review all system accounts and disable any account that cannot be associated with a business process and owner. ,10
Identification & Authentication,Usage Conditions,IAC-15.8,Automated mechanisms exist to enforce usage conditions for users and/or roles.,5
Identification & Authentication,Emergency Accounts,IAC-15.9,"Mechanisms exist to establish and control ""emergency access only"" accounts.",5
Identification & Authentication,Privileged Account Management (PAM) ,IAC-16,Mechanisms exist to restrict and control privileged access rights for users and services.,10
Identification & Authentication,Privileged Account Inventories ,IAC-16.1,Mechanisms exist to inventory all privileged accounts and validate that each person with elevated privileges is authorized by the appropriate level of organizational management. ,10
Identification & Authentication,Privileged Account Separation ,IAC-16.2,Mechanisms exist to separate privileged accounts between infrastructure environments to reduce the risk of a compromise in one infrastructure environment from laterally affecting other infrastructure environments.,4
Identification & Authentication,Periodic Review of Account Privileges,IAC-17,"Mechanisms exist to periodically-review the privileges assigned to individuals and service accounts to validate the need for such privileges and reassign or remove unnecessary privileges, as necessary.",10
Identification & Authentication,User Responsibilities for Account Management,IAC-18,"Mechanisms exist to compel users to follow accepted practices in the use of authentication mechanisms (e.g., passwords, passphrases, physical or logical security tokens, smart cards, certificates, etc.). ",10
Identification & Authentication,Credential Sharing ,IAC-19,"Mechanisms exist to prevent the sharing of generic IDs, passwords or other generic authentication methods.",10
Identification & Authentication,Access Enforcement,IAC-20,"Mechanisms exist to enforce Logical Access Control (LAC) permissions that conform to the principle of ""least privilege.""",10
Identification & Authentication,Access To Sensitive / Regulated Data,IAC-20.1,Mechanisms exist to limit access to sensitive/regulated data to only those individuals whose job requires such access. ,10
Identification & Authentication,Database Access,IAC-20.2,Mechanisms exist to restrict access to databases containing sensitive/regulated data to only necessary services or those individuals whose job requires such access. ,10
Identification & Authentication,Use of Privileged Utility Programs,IAC-20.3,Mechanisms exist to restrict and tightly control utility programs that are capable of overriding system and application controls.,9
Identification & Authentication,Dedicated Administrative Machines,IAC-20.4,Mechanisms exist to restrict executing administrative tasks or tasks requiring elevated access to a dedicated machine.,8
Identification & Authentication,Dual Authorization for Privileged Commands,IAC-20.5,Automated mechanisms exist to enforce dual authorization for privileged commands.,5
Identification & Authentication,Revocation of Access Authorizations,IAC-20.6,Mechanisms exist to revoke logical and physical access authorizations.,9
Identification & Authentication,Authorized System Accounts,IAC-20.7,"Mechanisms exist to define and document the types of accounts allowed and prohibited on systems, applications and services.",9
Identification & Authentication,Least Privilege ,IAC-21,"Mechanisms exist to utilize the concept of least privilege, allowing only authorized access to processes necessary to accomplish assigned tasks in accordance with organizational business functions. ",10
Identification & Authentication,Authorize Access to Security Functions ,IAC-21.1,Mechanisms exist to limit access to security functions to explicitly-authorized privileged users.,9
Identification & Authentication,Non-Privileged Access for Non-Security Functions ,IAC-21.2,"Mechanisms exist to prohibit privileged users from using privileged accounts, while performing non-security functions. 
",9
Identification & Authentication,Privileged Accounts ,IAC-21.3,Mechanisms exist to restrict the assignment of privileged accounts to management-approved personnel and/or roles.,10
Identification & Authentication,Auditing Use of Privileged Functions ,IAC-21.4,Mechanisms exist to audit the execution of privileged functions. ,9
Identification & Authentication,Prohibit Non-Privileged Users from Executing Privileged Functions ,IAC-21.5,"Mechanisms exist to prevent non-privileged users from executing privileged functions to include disabling, circumventing or altering implemented security safeguards / countermeasures. ",9
Identification & Authentication,Network Access to Privileged Commands,IAC-21.6,"Mechanisms exist to authorize remote access to perform privileged commands on critical systems or where sensitive/regulated data is stored, transmitted and/or processed only for compelling operational needs.",5
Identification & Authentication,Privilege Levels for Code Execution,IAC-21.7,Automated mechanisms exist to prevent applications from executing at higher privilege levels than the user's privileges. ,5
Identification & Authentication,Account Lockout ,IAC-22,Mechanisms exist to enforce a limit for consecutive invalid login attempts by a user during an organization-defined time period and automatically locks the account when the maximum number of unsuccessful attempts is exceeded.,9
Identification & Authentication,Concurrent Session Control,IAC-23,Mechanisms exist to limit the number of concurrent sessions for each system account. ,6
Identification & Authentication,Session Lock ,IAC-24,"Mechanisms exist to initiate a session lock after an organization-defined time period of inactivity, or upon receiving a request from a user and retain the session lock until the user reestablishes access using established identification and authentication methods.",9
Identification & Authentication,Pattern-Hiding Displays ,IAC-24.1,Mechanisms exist to implement pattern-hiding displays to conceal information previously visible on the display during the session lock. ,9
Identification & Authentication,Session Termination ,IAC-25,"Automated mechanisms exist to log out users, both locally on the network and for remote sessions, at the end of the session or after an organization-defined period of inactivity. ",9
Identification & Authentication,User-Initiated Logouts / Message Displays,IAC-25.1,Mechanisms exist to provide a logout capability and display an explicit logout message to users indicating the reliable termination of the session. ,5
Identification & Authentication,Permitted Actions Without Identification or Authorization,IAC-26,Mechanisms exist to identify and document the supporting rationale for specific user actions that can be performed on a system without identification or authentication.,8
Identification & Authentication,Reference Monitor,IAC-27,"Mechanisms exist to implement a reference monitor that is tamperproof, always-invoked, small enough to be subject to analysis / testing and the completeness of which can be assured.",1
Identification & Authentication,Identity Proofing (Identity Verification),IAC-28,Mechanisms exist to verify the identity of a user before issuing authenticators or modifying access permissions.,10
Identification & Authentication,Management Approval For New or Changed Accounts,IAC-28.1,Mechanisms exist to ensure management approvals are required for new accounts or changes in permissions to existing accounts.,10
Identification & Authentication,Identity Evidence,IAC-28.2,Mechanisms exist to require evidence of individual identification to be presented to the registration authority.,5
Identification & Authentication,Identity Evidence Validation & Verification,IAC-28.3,Mechanisms exist to require that the presented identity evidence be validated and verified through organizational-defined methods of validation and verification.,5
Identification & Authentication,In-Person Validation & Verification,IAC-28.4,Mechanisms exist to require that the validation and verification of identity evidence be conducted in person before a designated registration authority.,5
Identification & Authentication,Address Confirmation,IAC-28.5,Mechanisms exist to require that a notice of proofing be delivered through an out-of-band channel to verify the user's address (physical or digital).,1
Identification & Authentication,Attribute-Based Access Control (ABAC) ,IAC-29,"Mechanisms exist to enforce Attribute-Based Access Control (ABAC) for policy-driven, dynamic authorizations that supports the secure sharing of information.",5
Incident Response,Incident Response Operations,IRO-01,Mechanisms exist to implement and govern processes and documentation to facilitate an organization-wide response capability for cybersecurity & data privacy-related incidents.,9
Incident Response,Incident Handling ,IRO-02,"Mechanisms exist to cover:
(1) Preparation;
(2) Automated event detection or manual incident report intake;
(3) Analysis;
(4) Containment;
(5) Eradication; and
(6) Recovery.",10
Incident Response,Automated Incident Handling Processes,IRO-02.1,Automated mechanisms exist to support the incident handling process. ,1
Incident Response,Insider Threat Response Capability,IRO-02.2,Mechanisms exist to implement and govern an insider threat program. ,5
Incident Response,Dynamic Reconfiguration,IRO-02.3,Automated mechanisms exist to dynamically reconfigure information system components as part of the incident response capability. ,5
Incident Response,Incident Classification & Prioritization,IRO-02.4,Mechanisms exist to identify classes of incidents and actions to take to ensure the continuation of organizational missions and business functions.,5
Incident Response,Correlation with External Organizations,IRO-02.5,Mechanisms exist to coordinate with approved third-parties to achieve a cross-organization perspective on incident awareness and more effective incident responses. ,5
Incident Response,Automatic Disabling of System,IRO-02.6,"Mechanisms exist to automatically disable systems, upon detection of a possible incident that meets organizational criteria, which allows for forensic analysis to be performed.",6
Incident Response,Indicators of Compromise (IOC),IRO-03,Mechanisms exist to define specific Indicators of Compromise (IOC) to identify the signs of potential cybersecurity events.,8
Incident Response,Incident Response Plan (IRP) ,IRO-04,Mechanisms exist to maintain and make available a current and viable Incident Response Plan (IRP) to all stakeholders.,9
Incident Response,Data Breach,IRO-04.1,"Mechanisms exist to address data breaches, or other incidents involving the unauthorized disclosure of sensitive or regulated data, according to applicable laws, regulations and contractual obligations. ",8
Incident Response,IRP Update,IRO-04.2,"Mechanisms exist to regularly review and modify incident response practices to incorporate lessons learned, business process changes and industry developments, as necessary.",8
Incident Response,Continuous Incident Response Improvements,IRO-04.3,"Mechanisms exist to use qualitative and quantitative data from incident response testing to: 
(1) Determine the effectiveness of incident response processes;
(2) Continuously improve incident response processes; and
(3) Provide incident response measures and metrics that are accurate, consistent, and in a reproducible format.",3
Incident Response,Incident Response Training ,IRO-05,Mechanisms exist to train personnel in their incident response roles and responsibilities.,9
Incident Response,Simulated Incidents,IRO-05.1,Mechanisms exist to incorporate simulated events into incident response training to facilitate effective response by personnel in crisis situations.,5
Incident Response,Automated Incident Response Training Environments,IRO-05.2,Automated mechanisms exist to provide a more thorough and realistic incident response training environment.,5
Incident Response,Incident Response Testing,IRO-06,Mechanisms exist to formally test incident response capabilities through realistic exercises to determine the operational effectiveness of those capabilities.,9
Incident Response,Coordination with Related Plans ,IRO-06.1,Mechanisms exist to coordinate incident response testing with organizational elements responsible for related plans. ,7
Incident Response,Integrated Security Incident Response Team (ISIRT),IRO-07,"Mechanisms exist to establish an integrated team of cybersecurity, IT and business function representatives that are capable of addressing cybersecurity & data privacy incident response operations.",9
Incident Response,Chain of Custody & Forensics,IRO-08,"Mechanisms exist to perform digital forensics and maintain the integrity of the chain of custody, in accordance with applicable laws, regulations and industry-recognized secure practices.",9
Incident Response,Situational Awareness For Incidents,IRO-09,"Mechanisms exist to document, monitor and report the status of cybersecurity & data privacy incidents to internal stakeholders all the way through the resolution of the incident.",8
Incident Response,"Automated Tracking, Data Collection & Analysis",IRO-09.1,"Automated mechanisms exist to assist in the tracking, collection and analysis of information from actual and potential cybersecurity & data privacy incidents.",1
Incident Response,Recurring Incident Analysis,IRO-09.2,Mechanisms exist to periodically review incident response activities for the existence of recurring incidents.,5
Incident Response,Incident Stakeholder Reporting ,IRO-10,"Mechanisms exist to timely-report incidents to applicable:
(1) Internal stakeholders; 
(2) Affected clients & third-parties; and
(3) Regulatory authorities.",9
Incident Response,Automated Reporting,IRO-10.1,Automated mechanisms exist to assist in the reporting of cybersecurity & data privacy incidents.,9
Incident Response,Cyber Incident Reporting for Sensitive / Regulated Data,IRO-10.2,Mechanisms exist to report sensitive/regulated data incidents in a timely manner.,9
Incident Response,Vulnerabilities Related To Incidents,IRO-10.3,Mechanisms exist to report system vulnerabilities associated with reported cybersecurity & data privacy incidents to organization-defined personnel or roles.,8
Incident Response,Supply Chain Coordination,IRO-10.4,Mechanisms exist to provide cybersecurity & data privacy incident information to the provider of the product or service and other organizations involved in the supply chain for systems or system components related to the incident.,7
Incident Response,Serious Incident Reporting,IRO-10.5,"Mechanisms exist to report any serious incident involving the organization's systems, applications and/or services to relevant authorities in the locality where the incident occurred, in accordance with mandatory reporting:
(1) Requirements; and
(2) Timelines.",5
Incident Response,Incident Reporting Assistance ,IRO-11,Mechanisms exist to provide incident response advice and assistance to users of systems for the handling and reporting of actual and potential cybersecurity & data privacy incidents. ,5
Incident Response,Automation Support of Availability of Information / Support ,IRO-11.1,Automated mechanisms exist to increase the availability of incident response-related information and support. ,1
Incident Response,Coordination With External Providers,IRO-11.2,"Mechanisms exist to establish a direct, cooperative relationship between the organization's incident response capability and external service providers.",5
Incident Response,Sensitive / Regulated Data Spill Response,IRO-12,Mechanisms exist to respond to sensitive /regulated data spills.,8
Incident Response,Sensitive / Regulated Data Spill Responsible Personnel,IRO-12.1,Mechanisms exist to formally assign personnel or roles with responsibility for responding to sensitive /regulated data spills.,8
Incident Response,Sensitive / Regulated Data Spill Training,IRO-12.2,Mechanisms exist to ensure incident response training material provides coverage for sensitive /regulated data spillage response.,8
Incident Response,Post-Sensitive / Regulated Data Spill Operations,IRO-12.3,Mechanisms exist to ensure that organizational personnel impacted by sensitive /regulated data spills can continue to carry out assigned tasks while contaminated systems are undergoing corrective actions.,8
Incident Response,Sensitive / Regulated Data Exposure to Unauthorized Personnel,IRO-12.4,Mechanisms exist to address security safeguards for personnel exposed to sensitive /regulated data that is not within their assigned access authorizations. ,8
Incident Response,Root Cause Analysis (RCA) & Lessons Learned,IRO-13,Mechanisms exist to incorporate lessons learned from analyzing and resolving cybersecurity & data privacy incidents to reduce the likelihood or impact of future incidents. ,8
Incident Response,Regulatory & Law Enforcement Contacts ,IRO-14,Mechanisms exist to maintain incident response contacts with applicable regulatory and law enforcement agencies. ,9
Incident Response,Detonation Chambers (Sandboxes),IRO-15,Mechanisms exist to utilize a detonation chamber capability to detect and/or block potentially-malicious files and email attachments.,5
Incident Response,Public Relations & Reputation Repair,IRO-16,Mechanisms exist to proactively manage public relations associated with incidents and employ appropriate measures to prevent further reputational damage and develop plans to repair any damage to the organization's reputation.,6
Information Assurance ,Information Assurance (IA) Operations,IAO-01,Mechanisms exist to facilitate the implementation of cybersecurity & data privacy assessment and authorization controls. ,10
Information Assurance ,Assessment Boundaries,IAO-01.1,"Mechanisms exist to establish the scope of assessments by defining the assessment boundary, according to people, processes and technology that directly or indirectly impact the confidentiality, integrity, availability and safety of the data and systems under review.",9
Information Assurance ,Assessments ,IAO-02,"Mechanisms exist to formally assess the cybersecurity & data privacy controls in systems, applications and services through Information Assurance Program (IAP) activities to determine the extent to which the controls are implemented correctly, operating as intended and producing the desired outcome with respect to meeting expected requirements.",10
Information Assurance ,Assessor Independence,IAO-02.1,Mechanisms exist to ensure assessors or assessment teams have the appropriate independence to conduct cybersecurity & data privacy control assessments. ,9
Information Assurance ,Specialized Assessments,IAO-02.2,"Mechanisms exist to conduct specialized assessments for: 
(1) Statutory, regulatory and contractual compliance obligations;
(2) Monitoring capabilities; 
(3) Mobile devices;
(4) Databases;
(5) Application security;
(6) Embedded technologies (e.g., IoT, OT, etc.);
(7) Vulnerability management; 
(8) Malicious code; 
(9) Insider threats;
(10) Performance/load testing; and/or
(11) Artificial Intelligence and Autonomous Technologies (AAT).",9
Information Assurance ,Third-Party Assessments,IAO-02.3,"Mechanisms exist to accept and respond to the results of external assessments that are performed by impartial, external organizations. ",9
Information Assurance ,Security Assessment Report (SAR),IAO-02.4,Mechanisms exist to produce a Security Assessment Report (SAR) at the conclusion of a security assessment to certify the results of the assessment and assist with any remediation actions.,7
Information Assurance ,System Security & Privacy Plan (SSPP),IAO-03,"Mechanisms exist to generate System Security & Privacy Plans (SSPPs), or similar document repositories, to identify and maintain key architectural information on each critical system, application or service, as well as influence inputs, entities, systems, applications and processes, providing a historical record of the data and its origins.",7
Information Assurance ,Plan / Coordinate with Other Organizational Entities,IAO-03.1,Mechanisms exist to plan and coordinate Information Assurance Program (IAP) activities with affected stakeholders before conducting such activities in order to reduce the potential impact on operations. ,5
Information Assurance ,Adequate Security for Sensitive / Regulated Data In Support of Contracts,IAO-03.2,"Mechanisms exist to protect sensitive / regulated data that is collected, developed, received, transmitted, used or stored in support of the performance of a contract. ",7
Information Assurance ,Threat Analysis & Flaw Remediation During Development,IAO-04,"Mechanisms exist to require system developers and integrators to create and execute a Security Testing and Evaluation (ST&E) plan, or similar process, to identify and remediate flaws during development.",10
Information Assurance ,Plan of Action & Milestones (POA&M),IAO-05,"Mechanisms exist to generate a Plan of Action and Milestones (POA&M), or similar risk register, to document planned remedial actions to correct weaknesses or deficiencies noted during the assessment of the security controls and to reduce or eliminate known vulnerabilities.",9
Information Assurance ,Plan of Action & Milestones (POA&M) Automation,IAO-05.1,"Automated mechanisms exist to help ensure the Plan of Action and Milestones (POA&M), or similar risk register, is accurate, up-to-date and readily-available.",2
Information Assurance ,Technical Verification,IAO-06,"Mechanisms exist to perform Information Assurance Program (IAP) activities to evaluate the design, implementation and effectiveness of technical cybersecurity & data privacy controls.",8
Information Assurance ,Security Authorization ,IAO-07,"Mechanisms exist to ensure systems, projects and services are officially authorized prior to ""go live"" in a production environment.",10
Maintenance,Maintenance Operations ,MNT-01,"Mechanisms exist to develop, disseminate, review & update procedures to facilitate the implementation of maintenance controls across the enterprise.",9
Maintenance,Controlled Maintenance ,MNT-02,"Mechanisms exist to conduct controlled maintenance activities throughout the lifecycle of the system, application or service.",10
Maintenance,Automated Maintenance Activities,MNT-02.1,"Automated mechanisms exist to schedule, conduct and document maintenance and repairs.",5
Maintenance,Timely Maintenance,MNT-03,Mechanisms exist to obtain maintenance support and/or spare parts for systems within a defined Recovery Time Objective (RTO).,9
Maintenance,Preventative Maintenance,MNT-03.1,"Mechanisms exist to perform preventive maintenance on critical systems, applications and services.",5
Maintenance,Predictive Maintenance,MNT-03.2,"Mechanisms exist to perform predictive maintenance on critical systems, applications and services.",5
Maintenance,Automated Support For Predictive Maintenance,MNT-03.3,Automated mechanisms exist to transfer predictive maintenance data to a computerized maintenance management system.,5
Maintenance,Maintenance Tools,MNT-04,Mechanisms exist to control and monitor the use of system maintenance tools. ,5
Maintenance,Inspect Tools ,MNT-04.1,Mechanisms exist to inspect maintenance tools carried into a facility by maintenance personnel for improper or unauthorized modifications. ,5
Maintenance,Inspect Media ,MNT-04.2,Mechanisms exist to check media containing diagnostic and test programs for malicious code before the media are used. ,5
Maintenance,Prevent Unauthorized Removal ,MNT-04.3,Mechanisms exist to prevent or control the removal of equipment undergoing maintenance that containing organizational information.,9
Maintenance,Restrict Tool Usage,MNT-04.4,Automated mechanisms exist to restrict the use of maintenance tools to authorized maintenance personnel and/or roles.,5
Maintenance,Remote Maintenance,MNT-05,"Mechanisms exist to authorize, monitor and control remote, non-local maintenance and diagnostic activities.",9
Maintenance,Auditing Remote Maintenance,MNT-05.1,"Mechanisms exist to audit remote, non-local maintenance and diagnostic sessions, as well as review the maintenance action performed during remote maintenance sessions. ",9
Maintenance,Remote Maintenance Notifications,MNT-05.2,"Mechanisms exist to require maintenance personnel to notify affected stakeholders when remote, non-local maintenance is planned (e.g., date/time).",9
Maintenance,Remote Maintenance Cryptographic Protection,MNT-05.3,"Cryptographic mechanisms exist to protect the integrity and confidentiality of remote, non-local maintenance and diagnostic communications. ",9
Maintenance,Remote Maintenance Disconnect Verification,MNT-05.4,"Mechanisms exist to provide remote disconnect verification to ensure remote, non-local maintenance and diagnostic sessions are properly terminated.",9
Maintenance,Remote Maintenance Pre-Approval,MNT-05.5,"Mechanisms exist to require maintenance personnel to obtain pre-approval and scheduling for remote, non-local maintenance sessions.",7
Maintenance,Remote Maintenance Comparable Security & Sanitization,MNT-05.6,"Mechanisms exist to require systems performing remote, non-local maintenance and / or diagnostic services implement a security capability comparable to the capability implemented on the system being serviced.",5
Maintenance,Separation of Maintenance Sessions,MNT-05.7,Mechanisms exist to protect maintenance sessions through replay-resistant sessions that are physically or logically separated communications paths from other network sessions.,1
Maintenance,Authorized Maintenance Personnel,MNT-06,Mechanisms exist to maintain a current list of authorized maintenance organizations or personnel.,9
Maintenance,Maintenance Personnel Without Appropriate Access ,MNT-06.1,"Mechanisms exist to ensure the risks associated with maintenance personnel who do not have appropriate access authorizations, clearances or formal access approvals are appropriately mitigated.",7
Maintenance,Non-System Related Maintenance,MNT-06.2,Mechanisms exist to ensure that non-escorted personnel performing non-IT maintenance activities in the physical proximity of IT systems have required access authorizations.,5
Maintenance,Maintain Configuration Control During Maintenance,MNT-07,Mechanisms exist to maintain proper physical security and configuration control over technology assets awaiting service or repair.,8
Maintenance,Field Maintenance,MNT-08,Mechanisms exist to securely conduct field maintenance on geographically deployed assets.,8
Maintenance,Off-Site Maintenance,MNT-09,Mechanisms exist to ensure off-site maintenance activities are conducted securely and the asset(s) undergoing maintenance actions are secured during physical transfer and storage while off-site.,8
Maintenance,Maintenance Validation,MNT-10,Mechanisms exist to validate maintenance activities were appropriately performed according to the work order and that security controls are operational.,6
Maintenance,Maintenance Monitoring,MNT-11,Mechanisms exist to maintain situational awareness of the quality and reliability of systems and components through tracking maintenance activities and component failure rates.,6
Mobile Device Management,Centralized Management Of Mobile Devices ,MDM-01,Mechanisms exist to implement and govern Mobile Device Management (MDM) controls.,10
Mobile Device Management,Access Control For Mobile Devices,MDM-02,Mechanisms exist to enforce access control requirements for the connection of mobile devices to organizational systems. ,9
Mobile Device Management,Full Device & Container-Based Encryption ,MDM-03,Cryptographic mechanisms exist to protect the confidentiality and integrity of information on mobile devices through full-device or container encryption.,9
Mobile Device Management,Mobile Device Tampering,MDM-04,"Mechanisms exist to protect mobile devices from tampering through inspecting devices returning from locations that the organization deems to be of significant risk, prior to the device being connected to the organization's network.",9
Mobile Device Management,Remote Purging,MDM-05,Mechanisms exist to remotely purge selected information from mobile devices. ,9
Mobile Device Management,Personally-Owned Mobile Devices ,MDM-06,"Mechanisms exist to restrict the connection of personally-owned, mobile devices to organizational systems and networks. ",8
Mobile Device Management,Organization-Owned Mobile Devices ,MDM-07,Mechanisms exist to prohibit the installation of non-approved applications or approved applications not obtained through the organization-approved application store.,8
Mobile Device Management,Mobile Device Data Retention Limitations,MDM-08,Mechanisms exist to limit data retention on mobile devices to the smallest usable dataset and timeframe.,7
Mobile Device Management,Mobile Device Geofencing,MDM-09,Mechanisms exist to restrict the functionality of mobile devices based on geographic location.,7
Mobile Device Management,Separate Mobile Device Profiles,MDM-10,Mechanisms exist to enforce a separate device workspace on applicable mobile devices to separate work-related and personal-related applications and data. ,7
Mobile Device Management,Restricting Access To Authorized Devices,MDM-11,"Mechanisms exist to restrict the connectivity of unauthorized mobile devices from communicating with systems, applications and services.",8
Network Security,Network Security Controls (NSC),NET-01,"Mechanisms exist to develop, govern & update procedures to facilitate the implementation of Network Security Controls (NSC).",10
Network Security,Zero Trust Architecture (ZTA),NET-01.1,Mechanisms exist to treat all users and devices as potential threats and prevent access to data and resources until the users can be properly authenticated and their access authorized.,8
Network Security,Layered Network Defenses ,NET-02,Mechanisms exist to implement security functions as a layered structure that minimizes interactions between layers of the design and avoids any dependence by lower layers on the functionality or correctness of higher layers. ,9
Network Security,Denial of Service (DoS) Protection,NET-02.1,Automated mechanisms exist to protect against or limit the effects of denial of service attacks. ,9
Network Security,Guest Networks,NET-02.2,Mechanisms exist to implement and manage a secure guest network. ,6
Network Security,Cross Domain Solution (CDS),NET-02.3,Mechanisms exist to implement a Cross Domain Solution (CDS) to mitigate the specific security risks of accessing or transferring information between security domains.,6
Network Security,Boundary Protection ,NET-03,Mechanisms exist to monitor and control communications at the external network boundary and at key internal boundaries within the network.,10
Network Security,Limit Network Connections,NET-03.1,Mechanisms exist to limit the number of concurrent external network connections to its systems. ,9
Network Security,External Telecommunications Services ,NET-03.2,Mechanisms exist to maintain a managed interface for each external telecommunication service that protects the confidentiality and integrity of the information being transmitted across each interface.,7
Network Security,Prevent Discovery of Internal Information,NET-03.3,Mechanisms exist to prevent the public disclosure of internal network information. ,7
Network Security,Personal Data (PD),NET-03.4,Mechanisms exist to apply network-based processing rules to data elements of Personal Data (PD).,7
Network Security,Prevent Unauthorized Exfiltration,NET-03.5,Automated mechanisms exist to prevent the unauthorized exfiltration of sensitive/regulated data across managed interfaces. ,5
Network Security,Dynamic Isolation & Segregation (Sandboxing),NET-03.6,"Automated mechanisms exist to dynamically isolate (e.g., sandbox) untrusted components during runtime, where the component is isolated in a fault-contained environment but it can still collaborate with the application. ",5
Network Security,Isolation of Information System Components,NET-03.7,"Mechanisms exist to employ boundary protections to isolate systems, services and processes that support critical missions and/or business functions. ",5
Network Security,Separate Subnet for Connecting to Different Security Domains,NET-03.8,"Mechanisms exist to implement separate network addresses (e.g., different subnets) to connect to systems in different security domains.",5
Network Security,Data Flow Enforcement – Access Control Lists (ACLs),NET-04,Mechanisms exist to implement and govern Access Control Lists (ACLs) to provide data flow enforcement that explicitly restrict network traffic to only what is authorized.,10
Network Security,Deny Traffic by Default & Allow Traffic by Exception,NET-04.1,"Mechanisms exist to configure firewall and router configurations to deny network traffic by default and allow network traffic by exception (e.g., deny all, permit by exception). ",10
Network Security,Object Security Attributes ,NET-04.2,"Mechanisms exist to associate security attributes with information, source and destination objects to enforce defined information flow control configurations as a basis for flow control decisions. ",5
Network Security,Content Check for Encrypted Data,NET-04.3,Mechanisms exist to prevent encrypted data from bypassing content-checking mechanisms. ,4
Network Security,Embedded Data Types,NET-04.4,Mechanisms exist to enforce limitations on embedding data within other data types. ,2
Network Security,Metadata ,NET-04.5,Mechanisms exist to enforce information flow controls based on metadata. ,2
Network Security,Human Reviews,NET-04.6,Mechanisms exist to enforce the use of human reviews for Access Control Lists (ACLs) and similar rulesets on a routine basis. ,9
Network Security,Policy Decision Point (PDP),NET-04.7,Automated mechanisms exist to evaluate access requests against established criteria to dynamically and uniformly enforce access rights and permissions.,5
Network Security,Data Type Identifiers,NET-04.8,Automated mechanisms exist to utilize data type identifiers to validate data essential for information flow decisions when transferring information between different security domains.,5
Network Security,Decomposition Into Policy-Related Subcomponents,NET-04.9,"Automated mechanisms exist to decompose information into policy-relevant subcomponents for submission to policy enforcement mechanisms, when transferring information between different security domains.",5
Network Security,Detection of Unsanctioned Information,NET-04.10,"Automated mechanisms exist to implement security policy filters requiring fully enumerated formats that restrict data structure and content, when transferring information between different security domains.",5
Network Security,Approved Solutions,NET-04.11,"Automated mechanisms exist to examine information for the presence of unsanctioned information and prohibits the transfer of such information, when transferring information between different security domains.",5
Network Security,Cross Domain Authentication,NET-04.12,Automated mechanisms exist to uniquely identify and authenticate source and destination points for information transfer.,5
Network Security,Metadata Validation,NET-04.13,Automated mechanisms exist to apply cybersecurity and/or data privacy filters on metadata.,2
Network Security,Application Proxy,NET-04.14,"Mechanisms exist to terminate, inspect, control and reinitiate application traffic, regardless of the user’s location or the security posture of the surrounding network.",7
Network Security,Interconnection Security Agreements (ISAs),NET-05,"Mechanisms exist to authorize connections from systems to other systems using Interconnection Security Agreements (ISAs), or similar methods, that document, for each interconnection, the interface characteristics, cybersecurity & data privacy requirements and the nature of the information communicated.",9
Network Security,External System Connections,NET-05.1,Mechanisms exist to prohibit the direct connection of a sensitive system to an external network without the use of an organization-defined boundary protection device. ,8
Network Security,Internal System Connections,NET-05.2,"Mechanisms exist to control internal system connections through authorizing internal connections of systems and documenting, for each internal connection, the interface characteristics, security requirements and the nature of the information communicated.",7
Network Security,Network Segmentation (macrosegementation),NET-06,"Mechanisms exist to ensure network architecture utilizes network segmentation to isolate systems, applications and services to protect from other network resources.",10
Network Security,Security Management Subnets,NET-06.1,Mechanisms exist to implement security management subnets to isolate security tools and support components from other internal system components by implementing separate subnetworks with managed interfaces to other components of the system. ,9
Network Security,Virtual Local Area Network (VLAN) Separation,NET-06.2,Mechanisms exist to enable Virtual Local Area Networks (VLANs) to limit the ability of devices on a network to directly communicate with other devices on the subnet and limit an attacker's ability to laterally move to compromise neighboring systems. ,9
Network Security,Sensitive / Regulated Data Enclave (Secure Zone),NET-06.3,Mechanisms exist to implement segmentation controls to restrict inbound and outbound connectivity for sensitive / regulated data enclaves (secure zones). ,10
Network Security,Segregation From Enterprise Services,NET-06.4,"Mechanisms exist to isolate sensitive / regulated data enclaves (secure zones) from corporate-provided IT resources by providing enclave-specific IT services (e.g., directory services, DNS, NTP, ITAM, antimalware, patch management, etc.) to those isolated network segments.",4
Network Security,Direct Internet Access Restrictions,NET-06.5,"Mechanisms exist to prohibit, or strictly-control, Internet access from sensitive / regulated data enclaves (secure zones).",6
Network Security,Microsegmentation,NET-06.6,"Automated mechanisms exist to enable microsegmentation, either physically or virtually, to divide the network according to application and data workflows communications needs.",2
Network Security,Software Defined Networking (SDN),NET-06.7,"Automated mechanisms exist to enable dynamic, policy-driven network segmentation, access controls and traffic management with a Software Defined Networking (SDN) architecture.",5
Network Security,Network Connection Termination,NET-07,Mechanisms exist to terminate network connections at the end of a session or after an organization-defined time period of inactivity. ,8
Network Security,Network Intrusion Detection / Prevention Systems (NIDS / NIPS),NET-08,Mechanisms exist to employ Network Intrusion Detection / Prevention Systems (NIDS/NIPS) to detect and/or prevent intrusions into the network. ,9
Network Security,DMZ Networks,NET-08.1,Mechanisms exist to monitor De-Militarized Zone (DMZ) network segments to separate untrusted networks from trusted networks.,8
Network Security,Wireless Intrusion Detection / Prevention Systems (WIDS / WIPS),NET-08.2,Mechanisms exist to monitor wireless network segments to implement Wireless Intrusion Detection / Prevention Systems (WIDS/WIPS) technologies.,8
Network Security,Host Containment,NET-08.3,Automated mechanisms exist to enforce host containment protections that revoke or quarantine a host’s access to the network.,3
Network Security,Resource Containment,NET-08.4,Automated mechanisms exist to enforce resource containment protections that remove or quarantine a resource’s access to other resources.,3
Network Security,Session Integrity ,NET-09,Mechanisms exist to protect the authenticity and integrity of communications sessions. ,8
Network Security,Invalidate Session Identifiers at Logout,NET-09.1,Automated mechanisms exist to invalidate session identifiers upon user logout or other session termination. ,5
Network Security,Unique System-Generated Session Identifiers,NET-09.2,Automated mechanisms exist to generate and recognize unique session identifiers for each session.,3
Network Security,Domain Name Service (DNS) Resolution ,NET-10,"Mechanisms exist to ensure Domain Name Service (DNS) resolution is designed, implemented and managed to protect the security of name / address resolution.",10
Network Security,Architecture & Provisioning for Name / Address Resolution Service,NET-10.1,Mechanisms exist to ensure systems that collectively provide Domain Name Service (DNS) resolution service are fault-tolerant and implement internal/external role separation. ,9
Network Security,Secure Name / Address Resolution Service (Recursive or Caching Resolver),NET-10.2,Mechanisms exist to perform data origin authentication and data integrity verification on the Domain Name Service (DNS) resolution responses received from authoritative sources when requested by client systems. ,9
Network Security,Sender Policy Framework (SPF),NET-10.3,Mechanisms exist to validate the legitimacy of email communications through configuring a Domain Naming Service (DNS) Sender Policy Framework (SPF) record to specify the IP addresses and/or hostnames that are authorized to send email from the specified domain.,8
Network Security,Domain Registrar Security,NET-10.4,"Mechanisms exist to lock the domain name registrar to prevent a denial of service caused by unauthorized deletion, transfer or other unauthorized modification of a domain’s registration details.",9
Network Security,Out-of-Band Channels ,NET-11,Mechanisms exist to utilize out-of-band channels for the electronic transmission of information and/or the physical shipment of system components or devices to authorized individuals. ,9
Network Security,Safeguarding Data Over Open Networks ,NET-12,"Cryptographic mechanisms exist to implement strong cryptography and security protocols to safeguard sensitive/regulated data during transmission over open, public networks. ",8
Network Security,Wireless Link Protection,NET-12.1,"Mechanisms exist to protect external and internal wireless links from signal parameter attacks through monitoring for unauthorized wireless connections, including scanning for unauthorized wireless access points and taking appropriate action, if an unauthorized connection is discovered.",8
Network Security,End-User Messaging Technologies,NET-12.2,Mechanisms exist to prohibit the transmission of unprotected sensitive/regulated data by end-user messaging technologies. ,9
Network Security,Electronic Messaging,NET-13,"Mechanisms exist to protect the confidentiality, integrity and availability of electronic messaging communications.",10
Network Security,Remote Access ,NET-14,"Mechanisms exist to define, control and review organization-approved, secure remote access methods.",10
Network Security,Automated Monitoring & Control ,NET-14.1,Automated mechanisms exist to monitor and control remote access sessions. ,1
Network Security,Protection of Confidentiality / Integrity Using Encryption,NET-14.2,"Cryptographic mechanisms exist to protect the confidentiality and integrity of remote access sessions (e.g., VPN). ",9
Network Security,Managed Access Control Points,NET-14.3,"Mechanisms exist to route all remote accesses through managed network access control points (e.g., VPN concentrator).",9
Network Security,Remote Privileged Commands & Sensitive Data Access,NET-14.4,Mechanisms exist to restrict the execution of privileged commands and access to security-relevant information via remote access only for compelling operational needs. ,8
Network Security,Work From Anywhere (WFA) - Telecommuting Security,NET-14.5,Mechanisms exist to define secure telecommuting practices and govern remote access to systems and data for remote workers. ,10
Network Security,Third-Party Remote Access Governance,NET-14.6,"Mechanisms exist to proactively control and monitor third-party accounts used to access, support, or maintain system components via remote access.",8
Network Security,Endpoint Security Validation ,NET-14.7,"Automated mechanisms exist to validate the security posture of the endpoint devices (e.g., software versions, patch levels, etc.) prior to allowing devices to connect to organizational technology assets.",6
Network Security,Expeditious Disconnect / Disable Capability ,NET-14.8,Mechanisms exist to provide the capability to expeditiously disconnect or disable a user's remote access session.,8
Network Security,Wireless Networking ,NET-15,Mechanisms exist to control authorized wireless usage and monitor for unauthorized wireless access.,9
Network Security,Authentication & Encryption,NET-15.1,"Mechanisms exist to secure Wi-Fi (e.g., IEEE 802.11) and prevent unauthorized access by:
(1) Authenticating devices trying to connect; and 
(2) Encrypting transmitted data.",9
Network Security,Disable Wireless Networking,NET-15.2,Mechanisms exist to disable unnecessary wireless networking capabilities that are internally embedded within system components prior to issuance to end users. ,5
Network Security,Restrict Configuration By Users,NET-15.3,Mechanisms exist to identify and explicitly authorize users who are allowed to independently configure wireless networking capabilities. ,8
Network Security,Wireless Boundaries,NET-15.4,Mechanisms exist to confine wireless communications to organization-controlled boundaries. ,5
Network Security,Rogue Wireless Detection,NET-15.5,Mechanisms exist to test for the presence of Wireless Access Points (WAPs) and identify all authorized and unauthorized WAPs within the facility(ies). ,8
Network Security,Intranets,NET-16,"Mechanisms exist to establish trust relationships with other organizations owning, operating, and/or maintaining intranet systems, allowing authorized individuals to: 
(1) Access the intranet from external systems; and
(2) Process, store, and/or transmit organization-controlled information using the external systems.",8
Network Security,Data Loss Prevention (DLP) ,NET-17,"Automated mechanisms exist to implement Data Loss Prevention (DLP) to protect sensitive information as it is stored, transmitted and processed.",8
Network Security,DNS & Content Filtering,NET-18,"Mechanisms exist to force Internet-bound network traffic through a proxy device (e.g., Policy Enforcement Point (PEP)) for URL content filtering and DNS filtering to limit a user's ability to connect to dangerous or prohibited Internet sites.",9
Network Security,Route Internal Traffic to Proxy Servers,NET-18.1,Mechanisms exist to route internal communications traffic to external networks through organization-approved proxy servers at managed interfaces. ,9
Network Security,Visibility of Encrypted Communications,NET-18.2,Mechanisms exist to configure the proxy to make encrypted communications traffic visible to monitoring tools and mechanisms.,5
Network Security,Route Privileged Network Access,NET-18.3,"Automated mechanisms exist to route networked, privileged accesses through a dedicated, managed interface for purposes of access control and auditing.",1
Network Security,Protocol Compliance Enforcement,NET-18.4,Automated mechanisms exist to ensure network traffic complies with Internet Engineering Task Force (IETF) protocol specifications.,5
Network Security,Domain Name Verification,NET-18.5,"Mechanisms exist to ensure that domain name lookups, whether for internal or external domains, are validated according to Domain Name System Security Extensions (DNSSEC).",8
Network Security,Internet Address Denylisting,NET-18.6,Mechanisms exist to implement Internet address denylisting protections that blocks traffic received from or destined to a denylisted Internet address.,8
Network Security,Bandwidth Control,NET-18.7,Mechanisms exist to implement bandwidth control technologies to limit the amount of bandwidth used by categories of domains that are bandwidth-intensive.,2
Network Security,Authenticated Proxy,NET-18.8,"Mechanisms exist to force systems and processes to authenticate Internet-bound traffic with a proxy to enable user, group and/or location-aware security controls.",3
Network Security,Certificate Denylisting,NET-18.9,Mechanisms exist to prevent communication with systems and/or services that use a set of known bad certificates.,7
Network Security,Content Disarm and Reconstruction (CDR),NET-19,"Automated Content Disarm and Reconstruction (CDR) mechanisms exist to detect the presence of unapproved active content and facilitate its removal, resulting in content with only known safe elements.",6
Network Security,Email Content Protections,NET-20,Mechanisms exist to implement an email filtering security service to detect malicious attachments in emails and prevent users from accessing them.,10
Network Security,Email Domain Reputation Protections,NET-20.1,Mechanisms exist to monitor the organization's email domain’s reputation and protect the email domain’s reputation.,1
Network Security,Sender Denylisting,NET-20.2,"Mechanisms exist to implement sender denylisting protections that prevent the reception of email from denylisted senders, domains and/or email servers.",7
Network Security,Authenticated Received Chain (ARC),NET-20.3,"Mechanisms exist to utilize an authenticated received chain that allows for an intermediary to sign its own authentication of the original email, allowing downstream entities to accept the intermediary’s authentication even if the email was changed.",2
Network Security,Domain-Based Message Authentication Reporting and Conformance (DMARC),NET-20.4,"Mechanisms exist to implement domain signature verification protections that authenticate incoming email according to the Domain-based Message Authentication Reporting and Conformance (DMARC).
",3
Network Security,User Digital Signatures for Outgoing Email,NET-20.5,"Mechanisms exist to enable users to digitally sign their emails, allowing external parties to authenticate the email’s sender and its contents according to the Domain-based Message Authentication Reporting and Conformance (DMARC) email authentication protocol.",6
Network Security,Encryption for Outgoing Email,NET-20.6,Mechanisms exist to enable the encryption of outgoing emails using organization-approved cryptographic means.,6
Network Security,Adaptive Email Protections,NET-20.7,Mechanisms exist to utilize adaptive email protections that involve employing risk-based analysis in the application and enforcement of email protections.,1
Network Security,Email Labeling,NET-20.8,Automated mechanisms exist to implement email labeling that apply organization-defined tags to incoming or outgoing email.,5
Network Security,User Threat Reporting,NET-20.9,"Mechanisms exist to incorporate submissions from users of phishing attempts, spam or otherwise malicious actions to better protect the organization.",1
Physical & Environmental Security ,Physical & Environmental Protections,PES-01,Mechanisms exist to facilitate the operation of physical and environmental protection controls. ,9
Physical & Environmental Security ,Site Security Plan (SitePlan),PES-01.1,"Mechanisms exist to document a Site Security Plan (SitePlan) for each server and communications room to summarize the implemented security controls to protect physical access to technology assets, as well as applicable risks and threats.",4
Physical & Environmental Security ,Zone-Based Physical Security,PES-01.2,Mechanisms exist to implement a zone-based approach to physical security.,3
Physical & Environmental Security ,Physical Access Authorizations ,PES-02,Physical access control mechanisms exist to maintain a current list of personnel with authorized access to organizational facilities (except for those areas within the facility officially designated as publicly accessible).,7
Physical & Environmental Security ,Role-Based Physical Access,PES-02.1,Physical access control mechanisms exist to authorize physical access to facilities based on the position or role of the individual.,9
Physical & Environmental Security ,Dual Authorization for Physical Access,PES-02.2,"Mechanisms exist to enforce a ""two-person rule"" for physical access by requiring two authorized individuals with separate access cards, keys or PINs, to access highly-sensitive areas (e.g., safe, high-security cage, etc.).",2
Physical & Environmental Security ,Physical Access Control ,PES-03,Physical access control mechanisms exist to enforce physical access authorizations for all physical access points (including designated entry/exit points) to facilities (excluding those areas within the facility officially designated as publicly accessible).,10
Physical & Environmental Security ,Controlled Ingress & Egress Points,PES-03.1,Physical access control mechanisms exist to limit and monitor physical access through controlled ingress and egress points.,9
Physical & Environmental Security ,Lockable Physical Casings,PES-03.2,"Physical access control mechanisms exist to protect system components from unauthorized physical access (e.g., lockable physical casings). ",5
Physical & Environmental Security ,Physical Access Logs ,PES-03.3,Physical access control mechanisms generate a log entry for each access attempt through controlled ingress and egress points.,6
Physical & Environmental Security ,Access To Information Systems,PES-03.4,"Physical access control mechanisms exist to enforce physical access to critical information systems or sensitive/regulated data, in addition to the physical access controls for the facility.",5
Physical & Environmental Security ,"Physical Security of Offices, Rooms & Facilities",PES-04,"Mechanisms exist to identify systems, equipment and respective operating environments that require limited physical access so that appropriate physical access controls are designed and implemented for offices, rooms and facilities. ",10
Physical & Environmental Security ,Working in Secure Areas,PES-04.1,Physical security mechanisms exist to allow only authorized personnel access to secure areas. ,10
Physical & Environmental Security ,Searches,PES-04.2,"Physical access control mechanisms exist to inspect personnel and their personal effects (e.g., personal property ordinarily worn or carried by the individual, including vehicles) to prevent the unauthorized exfiltration of data and technology assets.",1
Physical & Environmental Security ,Temporary Storage,PES-04.3,"Physical access control mechanisms exist to temporarily store undelivered packages or deliveries in a dedicated, secure area (e.g., security cage, secure room) that is locked, access-controlled and monitored with surveillance cameras and/or security guards.",2
Physical & Environmental Security ,Monitoring Physical Access,PES-05,"Physical access control mechanisms exist to monitor for, detect and respond to physical security incidents.",7
Physical & Environmental Security ,Intrusion Alarms / Surveillance Equipment ,PES-05.1,Physical access control mechanisms exist to monitor physical intrusion alarms and surveillance equipment. ,9
Physical & Environmental Security ,Monitoring Physical Access To Information Systems,PES-05.2,"Facility security mechanisms exist to monitor physical access to critical information systems or sensitive/regulated data, in addition to the physical access monitoring of the facility.",5
Physical & Environmental Security ,Visitor Control,PES-06,"Physical access control mechanisms exist to identify, authorize and monitor visitors before allowing access to the facility (other than areas designated as publicly accessible). ",9
Physical & Environmental Security ,Distinguish Visitors from On-Site Personnel,PES-06.1,"Physical access control mechanisms exist to easily distinguish between onsite personnel and visitors, especially in areas where sensitive/regulated data is accessible. ",8
Physical & Environmental Security ,Identification Requirement,PES-06.2,Physical access control mechanisms exist to requires at least one(1) form of government-issued or organization-issued photo identification to authenticate individuals before they can gain access to the facility.,8
Physical & Environmental Security ,Restrict Unescorted Access,PES-06.3,"Physical access control mechanisms exist to restrict unescorted access to facilities to personnel with required security clearances, formal access authorizations and validate the need for access. ",10
Physical & Environmental Security ,Automated Records Management & Review,PES-06.4,Automated mechanisms exist to facilitate the maintenance and review of visitor access records.,5
Physical & Environmental Security ,Minimize Visitor Personal Data (PD),PES-06.5,Mechanisms exist to minimize the collection of Personal Data (PD) contained in visitor access records.,3
Physical & Environmental Security ,Visitor Access Revocation,PES-06.6,"Mechanisms exist to ensure visitor badges, or other issued identification, are surrendered before visitors leave the facility or are deactivated at a pre-determined time/date of expiration.",7
Physical & Environmental Security ,Supporting Utilities ,PES-07,Facility security mechanisms exist to protect power equipment and power cabling for the system from damage and destruction. ,9
Physical & Environmental Security ,Automatic Voltage Controls,PES-07.1,Facility security mechanisms exist to utilize automatic voltage controls for critical system components. ,8
Physical & Environmental Security ,Emergency Shutoff,PES-07.2,"Facility security mechanisms exist to shut off power in emergency situations by:
(1) Placing emergency shutoff switches or devices in close proximity to systems or system components to facilitate safe and easy access for personnel; and
(2) Protecting emergency power shutoff capability from unauthorized activation.",8
Physical & Environmental Security ,Emergency Power,PES-07.3,"Facility security mechanisms exist to supply alternate power, capable of maintaining minimally-required operational capability, in the event of an extended loss of the primary power source.",8
Physical & Environmental Security ,Emergency Lighting,PES-07.4,Facility security mechanisms exist to utilize and maintain automatic emergency lighting that activates in the event of a power outage or disruption and that covers emergency exits and evacuation routes within the facility. ,7
Physical & Environmental Security ,Water Damage Protection,PES-07.5,"Facility security mechanisms exist to protect systems from damage resulting from water leakage by providing master shutoff valves that are accessible, working properly and known to key personnel. ",8
Physical & Environmental Security ,Automation Support for Water Damage Protection,PES-07.6,Facility security mechanisms exist to detect the presence of water in the vicinity of critical information systems and alert facility maintenance and IT personnel. ,5
Physical & Environmental Security ,Redundant Cabling,PES-07.7,Mechanisms exist to employ redundant power cabling paths that are physically separated to ensure that power continues to flow in the event one of the cables is cut or otherwise damaged.,2
Physical & Environmental Security ,Fire Protection,PES-08,Facility security mechanisms exist to utilize and maintain fire suppression and detection devices/systems for the system that are supported by an independent energy source. ,7
Physical & Environmental Security ,Fire Detection Devices,PES-08.1,Facility security mechanisms exist to utilize and maintain fire detection devices/systems that activate automatically and notify organizational personnel and emergency responders in the event of a fire. ,9
Physical & Environmental Security ,Fire Suppression Devices,PES-08.2,Facility security mechanisms exist to utilize fire suppression devices/systems that provide automatic notification of any activation to organizational personnel and emergency responders. ,3
Physical & Environmental Security,Automatic Fire Suppression,PES-08.3,Facility security mechanisms exist to employ an automatic fire suppression capability for critical information systems when the facility is not staffed on a continuous basis.,5
Physical & Environmental Security ,Temperature & Humidity Controls,PES-09,Facility security mechanisms exist to maintain and monitor temperature and humidity levels within the facility.,9
Physical & Environmental Security ,Monitoring with Alarms / Notifications,PES-09.1,Facility security mechanisms exist to trigger an alarm or notification of temperature and humidity changes that be potentially harmful to personnel or equipment. ,8
Physical & Environmental Security ,Delivery & Removal ,PES-10,Physical security mechanisms exist to isolate information processing facilities from points such as delivery and loading areas and other points to avoid unauthorized access. ,8
Physical & Environmental Security ,Alternate Work Site,PES-11,"Physical security mechanisms exist to utilize appropriate management, operational and technical controls at alternate work sites.",8
Physical & Environmental Security ,Equipment Siting & Protection ,PES-12,Physical security mechanisms exist to locate system components within the facility to minimize potential damage from physical and environmental hazards and to minimize the opportunity for unauthorized access. ,9
Physical & Environmental Security ,Transmission Medium Security,PES-12.1,"Physical security mechanisms exist to protect power and telecommunications cabling carrying data or supporting information services from interception, interference or damage. ",9
Physical & Environmental Security ,Access Control for Output Devices,PES-12.2,Physical security mechanisms exist to restrict access to printers and other system output devices to prevent unauthorized individuals from obtaining the output. ,8
Physical & Environmental Security ,Information Leakage Due To Electromagnetic Signals Emanations,PES-13,Facility security mechanisms exist to protect the system from information leakage due to electromagnetic signals emanations. ,5
Physical & Environmental Security ,Asset Monitoring and Tracking,PES-14,Physical security mechanisms exist to employ asset location technologies that track and monitor the location and movement of organization-defined assets within organization-defined controlled areas.,6
Physical & Environmental Security ,Electromagnetic Pulse (EMP) Protection,PES-15,Physical security mechanisms exist to employ safeguards against Electromagnetic Pulse (EMP) damage for systems and system components.,1
Physical & Environmental Security ,Component Marking,PES-16,"Physical security mechanisms exist to mark system hardware components indicating the impact or classification level of the information permitted to be processed, stored or transmitted by the hardware component.",3
Physical & Environmental Security ,Proximity Sensor ,PES-17,Automated mechanisms exist to monitor physical proximity to robotic or autonomous platforms to reduce applied force or stop the operation when sensors indicate a potentially dangerous scenario.,9
Physical & Environmental Security ,On-Site Client Segregation,PES-18,Mechanisms exist to ensure client-specific Intellectual Property (IP) is isolated from other data when client-specific IP is processed or stored within multi-client workspaces.,6
Physical & Environmental Security ,Physical Access Device Inventories,PES-19,"Mechanisms exist to maintain an accurate inventory of all physical access devices (e.g., RFID cards, access fobs, door keys, etc.).",9
Data Privacy,Data Privacy Program,PRI-01,"Mechanisms exist to facilitate the implementation and operation of data protection controls throughout the data lifecycle to ensure all forms of Personal Data (PD) are processed lawfully, fairly and transparently.",10
Data Privacy,Chief Privacy Officer (CPO),PRI-01.1,"Mechanisms exist to appoints a Chief Privacy Officer (CPO) or similar role, with the authority, mission, accountability and resources to coordinate, develop and implement, applicable data privacy requirements and manage data privacy risks through the organization-wide data privacy program.",3
Data Privacy,Privacy Act Statements,PRI-01.2,"Mechanisms exist to provide additional formal notice to individuals from whom the information is being collected that includes:
(1) Notice of the authority of organizations to collect Personal Data (PD); 
(2) Whether providing PD is mandatory or optional; 
(3) The principal purpose or purposes for which the PD is to be used; 
(4) The intended disclosures or routine uses of the information; and 
(5) The consequences of not providing all or some portion of the information requested.",2
Data Privacy,Dissemination of Data Privacy Program Information ,PRI-01.3,"Mechanisms exist to: 
(1) Ensure that the public has access to information about organizational data privacy activities and can communicate with its Chief Privacy Officer (CPO) or similar role;
(2) Ensure that organizational data privacy practices are publicly available through organizational websites or document repositories; 
(3) Utilize publicly facing email addresses and/or phone lines to enable the public to provide feedback and/or direct questions to data privacy office(s) regarding data privacy practices; and
(4) Inform data subjects when changes are made to the privacy notice and the nature of such changes.",5
Data Privacy,Data Protection Officer (DPO),PRI-01.4,"Mechanisms exist to appoint a Data Protection Officer (DPO):
(1) Based on professional qualifications; and
(2) To be involved in all issues related to how Personal Data (PD) is collected, received, processed, stored, transmitted and disposed.",7
Data Privacy,Binding Corporate Rules (BCR),PRI-01.5,"Mechanisms exist to implement and manage Binding Corporate Rules (BCR) (e.g., data sharing agreement) to legally-bind all parties engaged in a joint economic activity that contractually states enforceable rights on data subjects with regard to the processing of their personal data.",5
Data Privacy,Security of Personal Data (PD),PRI-01.6,Mechanisms exist to ensure Personal Data (PD) is protected by logical and physical security safeguards that are sufficient and appropriately scoped to protect the confidentiality and integrity of the PD.,7
Data Privacy,Limiting Personal Data (PD) Disclosures,PRI-01.7,Mechanisms exist to limit the disclosure of Personal Data (PD) to authorized parties for the sole purpose for which the PD was obtained.,7
Data Privacy,Data Fiduciary,PRI-01.8,"Mechanisms exist to appoint an individual to determine the following criteria about Personal Data (PD):
(1) The purpose why PD is necessary; 
(2) Authorized methods to collect, receive, process, store, transmit and dispose PD; and
(3) Authorized parties PD may be shared with.",7
Data Privacy,Personal Data (PD) Process Manager,PRI-01.9,"Mechanisms exist to assign accountability to a Personal Data Process Manager, or equivalent role, to ensure Personal Data (PD) is collected, processed, stored, shared, protected and disposed of according to data subject consent.",5
Data Privacy,Financial Incentives For Personal Data (PD),PRI-01.10,Mechanisms exist to strictly govern financial incentives offered to data subjects for Personal Data (PD) to ensure compliance with applicable legal and regulatory requirements.,3
Data Privacy,Data Privacy Notice,PRI-02,"Mechanisms exist to:
(1) Make data privacy notice(s) available to individuals upon first interacting with an organization and subsequently as necessary; 
(2) Ensure that data privacy notices are clear and easy-to-understand, expressing relevant information about how Personal Data (PD) is collected, received, processed, stored, transmitted, shared, updated and disposed;
(3) Contain all necessary notice-related criteria required by applicable statutory, regulatory and contractual obligations.
(4) Define the scope of PD processing activities, including the geographic locations and third-party recipients that process the PD within the scope of the data privacy notice;
(5) Periodically, review and update the content of the privacy notice, as necessary; and
(6) Retain prior versions of the privacy notice, in accordance with data retention requirements.
",7
Data Privacy,Purpose Specification,PRI-02.1,"Mechanisms exist to ensure the data privacy notice identifies the purpose(s) for which Personal Data (PD) is collected, received, processed, stored, transmitted, shared.",7
Data Privacy,Automated Data Management Processes,PRI-02.2,"Automated mechanisms exist to adjust data that is able to be collected, received, processed, stored, transmitted, shared, based on updated data subject authorization(s).",1
Data Privacy,Computer Matching Agreements (CMA) ,PRI-02.3,Mechanisms exist to publish Computer Matching Agreements (CMA) on the organization's public website(s).,1
Data Privacy,System of Records Notice (SORN),PRI-02.4,"Mechanisms exist to draft, publish and keep System of Records Notices (SORN) updated in accordance with regulatory guidance.",1
Data Privacy,System of Records Notice (SORN) Review Process,PRI-02.5,Mechanisms exist to review all routine uses of data published in the System of Records Notices (SORN) to ensure continued accuracy and to ensure that routine uses continue to be compatible with the purpose for which the information was collected.,1
Data Privacy,Privacy Act Exemptions,PRI-02.6,Mechanisms exist to review all Privacy Act exemptions claimed for the System of Records Notices (SORN) to ensure they remain appropriate and accurate.,1
Data Privacy,Real-Time or Layered Notice,PRI-02.7,Mechanisms exist to provide real-time and/or layered notice when Personal Data (PD) is collected that provides data subjects with a summary of key points or more detailed information that is specific to the organization's data privacy notice.,2
Data Privacy,Choice & Consent,PRI-03,"Mechanisms exist to enable data subjects to authorize the collection, processing, storage, sharing, updating and disposal of their Personal Data (PD), where prior to collection the data subject is provided with:
(1) Plain language to illustrate the potential data privacy risks of the authorization; 
(2) A means for users to decline the authorization; and
(3) All necessary choice and consent-related criteria required by applicable statutory, regulatory and contractual obligations.
",7
Data Privacy,Tailored Consent,PRI-03.1,"Mechanisms exist to allow data subjects to modify permission to collect, receive, process, store, transmit, update and/or share selected attributes of their Personal Data (PD).",1
Data Privacy,Just-In-Time Notice & Updated Consent,PRI-03.2,"Mechanisms exist to present data subjects with a new or updated consent request to process, store and/or share Personal Data (PD) in conjunction with the data action, when:
(1) The original circumstances under which an individual gave consent have changed; or
(2) A significant amount of time has passed since an individual gave consent.",1
Data Privacy,"Prohibition of Selling, Processing and/or Sharing Personal Data (PD)",PRI-03.3,"Mechanisms exist to prevent the sale, processing and/or sharing of Personal Data (PD) when:
(1) Instructed by the data subject; or
(2) The data subject is a minor, where selling and/or sharing PD is legally prohibited.",5
Data Privacy,Revoke Consent,PRI-03.4,"Mechanisms exist to allow data subjects to revoke consent to collect, receive, process, store, transmit, update and/or share their Personal Data (PD).",3
Data Privacy,Product or Service Delivery Restrictions,PRI-03.5,"Mechanisms exist to prevent discrimination against a data subject for exercising their legal rights pertaining to modifying or revoking consent, including prohibiting:
(1) Refusing products and/or services;
(2) Charging different rates for goods and/or services; and
(3) Providing different levels of quality.",7
Data Privacy,Authorized Agent,PRI-03.6,"Mechanisms exist to allow data subjects to authorize another person or entity, acting on the data subject's behalf, to make Personal Data (PD) processing decisions.",6
Data Privacy,Active Participation By Data Subjects,PRI-03.7,"Mechanisms exist to compel data subjects to select the level of consent deemed appropriate by the data subject for the relevant business purpose (e.g., opt-in, opt-out, accept all cookies, etc.).",3
Data Privacy,Global Privacy Control (GPC),PRI-03.8,"Automated mechanisms exist to provide data subjects with functionality to exercise pre-selected opt-out preferences (e.g., opt-out signal).",5
Data Privacy,Continued Use of Personal Data (PD),PRI-03.9,"Mechanisms exist to govern the continued use of Personal Data (PD) as it is collected, received, processed, stored, transmitted and/or shared until:
(1) Disposal of PD occurs when there is no longer a legitimate business purpose;
(2) Disposal of PD occurs when the data retention timeline for the use case is met; and/or
(3) Continued use of PD is prohibited upon withdrawal of data subject consent.",5
Data Privacy,"Cease Processing, Storing and/or Sharing Personal Data (PD)",PRI-03.10,"Mechanisms exist to ensure the organization ceases collecting, receiving, processing, storing, transmitting, updating and/or sharing Personal Data (PD) upon receiving a data subject's consent revocation.",6
Data Privacy,Communicating Processing Changes,PRI-03.11,"Mechanisms exist to notify data subjects of processing changes affecting their Personal Data (PD), including:
(1) Erasure of PD;
(2) Remediation of incorrect PD; and/or
(3) Processing restrictions affecting their PD.",5
Data Privacy,Restrict Collection To Identified Purpose,PRI-04,"Mechanisms exist to minimize the collection of Personal Data (PD) to only what is adequate, relevant and limited to the purposes identified in the data privacy notice, including protections against collecting PD from minors without appropriate parental or legal guardian consent.",7
Data Privacy,"Authority To Collect, Process, Store & Share Personal Data (PD)",PRI-04.1,"Mechanisms exist to determine and document the legal authority that permits the organization to collect, receive, process, store, transmit, update and/or share Personal Data (PD), either generally or in support of a specific business process.",7
Data Privacy,Primary Sources,PRI-04.2,"Mechanisms exist to ensure information is directly collected from the data subject, whenever possible.",7
Data Privacy,Identifiable Image Collection,PRI-04.3,"Mechanisms exist to restrict collecting, receiving, processing, storing, transmitting and/or sharing of photographic and/or video surveillance image collection that can identify individuals to legitimate business needs.",7
Data Privacy,Acquired Personal Data (PD),PRI-04.4,"Mechanisms exist to promptly inform data subjects of the utilization purpose when their Personal Data (PD) is acquired and not received directly from the data subject, except where that utilization purpose was disclosed in advance to the data subject.",6
Data Privacy,Validate Collected Personal Data (PD),PRI-04.5,"Mechanisms exist to ensure that the data subject, or authorized representative, validate Personal Data (PD) during the collection process.",1
Data Privacy,Re-Validate Collected Personal Data (PD),PRI-04.6,"Mechanisms exist to ensure that the data subject, or authorized representative, re-validate that Personal Data (PD) acquired during the collection process is still accurate.",1
Data Privacy,Personal Data (PD) Collection Methods,PRI-04.7,"Mechanisms exist to ensure that Personal Data (PD) collection methods are:
(1) In accordance with applicable statutory and/or regulatory requirements;
(2) Appropriate for the circumstances of the data subject;
(3) Unambiguous; and
(4) Secure.",3
Data Privacy,Personal Data (PD) Retention & Disposal,PRI-05,"Mechanisms exist to: 
(1) Retain Personal Data (PD), including metadata, for an organization-defined time period to fulfill the purpose(s) identified in the notice or as required by law;
(2) Dispose of, destroys, erases, and/or anonymizes the PD, regardless of the method of storage; and
(3) Use organization-defined techniques or methods to ensure secure deletion or destruction of PD (including originals, copies and archived records).",8
Data Privacy,"Internal Use of Personal Data (PD) For Testing, Training and Research",PRI-05.1,"Mechanisms exist to address the use of Personal Data (PD) for internal testing, training and research that:
(1) Takes measures to limit or minimize the amount of PD used for internal testing, training and research purposes; and
(2) Authorizes the use of PD when such information is required for internal testing, training and research.",8
Data Privacy,Personal Data (PD) Accuracy & Integrity,PRI-05.2,"Mechanisms exist to ensure the accuracy and relevance of Personal Data (PD) throughout the information lifecycle by:
(1) Keeping PD up-to-date; and 
(2) Remediating identified inaccuracies, as necessary.",5
Data Privacy,Data Masking,PRI-05.3,"Mechanisms exist to mask sensitive/regulated data through data anonymization, pseudonymization, redaction or de-identification.",8
Data Privacy,Usage Restrictions of Personal Data (PD),PRI-05.4,"Mechanisms exist to restrict collecting, receiving, processing, storing, transmitting, updating and/or sharing Personal Data (PD) to:
(1) The purpose(s) originally collected, consistent with the data privacy notice(s);
(2) What is authorized by the data subject, or authorized agent; and
(3) What is consistent with applicable laws, regulations and contractual obligations.",8
Data Privacy,Inventory of Personal Data (PD),PRI-05.5,"Mechanisms exist to establish and maintain a current inventory of all systems, applications and services that collect, receive, process, store, transmit, update and/or share Personal Data (PD).",8
Data Privacy,Personal Data (PD) Inventory Automation Support,PRI-05.6,Automated mechanisms exist to determine if Personal Data (PD) is maintained in electronic form.,1
Data Privacy,Personal Data (PD) Categories,PRI-05.7,Mechanisms exist to define and implement data handling and protection requirements for specific categories of sensitive Personal Data (PD).,5
Data Privacy,Personal Data (PD) Formats,PRI-05.8,Mechanisms exist to retain Personal Data (PD) in a format permitting data subject identification for no longer than is necessary for legitimate business purposes.,4
Data Privacy,Data Subject Empowerment,PRI-06,"Mechanisms exist to provide authenticated data subjects the ability to:
(1) Access their Personal Data (PD) that is being processed, stored and shared, except where the burden, risk or expense of providing access would be disproportionate to the benefit offered to the data subject through granting access;
(2) Obtain answers on the specifics of how their PD is collected, received, processed, stored, transmitted, shared, updated and disposed; 
(3) Obtain the source(s) of their PD; 
(4) Obtain the categories of their PD being collected, received, processed, stored and shared; 
(5) Request correction to their PD due to inaccuracies;
(6) Request erasure of their PD; and
(7) Restrict the further collecting, receiving, processing, storing, transmitting, updated and/or sharing of their PD.",6
Data Privacy,Correcting Inaccurate Personal Data (PD),PRI-06.1,"Mechanisms exist to maintain a process for:
(1) Data subjects to have inaccurate Personal Data (PD) maintained by the organization corrected or amended; and
(2) Disseminating corrections or amendments of PD to other authorized users of the PD.",5
Data Privacy,Notice of Correction or Processing Change,PRI-06.2,Mechanisms exist to notify affected data subjects if their Personal Data (PD) has been corrected or amended.,4
Data Privacy,Appeal Adverse Decision,PRI-06.3,Mechanisms exist to maintain a process for data subjects to appeal an adverse decision.,4
Data Privacy,User Feedback Management,PRI-06.4,"Mechanisms exist to maintain a process to efficiently and effectively respond to complaints, concerns or questions from authenticated data subjects about how the organization collects, receives, processes, stores, transmits, shares, updates and/or disposes of their Personal Data (PD).",5
Data Privacy,Right to Erasure,PRI-06.5,"Mechanisms exist to maintain a process to erase a data subject's Personal Data (PD), in accordance with applicable laws, regulations and contractual obligations pertaining to the retention of their PD.",5
Data Privacy,Data Portability,PRI-06.6,"Mechanisms exist to format exports of Personal Data (PD) in a structured, machine-readable format that allows data subjects to transfer their PD to another controller without hindrance.",3
Data Privacy,Personal Data (PD) Exports,PRI-06.7,"Mechanisms exist to export a data subject's available Personal Data (PD) in a readily usable format, upon an authenticated request.",5
Data Privacy,Information Sharing With Third Parties,PRI-07,Mechanisms exist to disclose Personal Data (PD) to third-parties only for the purposes identified in the data privacy notice and with the implicit or explicit consent of the data subject. ,9
Data Privacy,Data Privacy Requirements for Contractors & Service Providers ,PRI-07.1,Mechanisms exist to include data privacy requirements in contracts and other acquisition-related documents that establish data privacy roles and responsibilities for contractors and service providers. ,10
Data Privacy,Joint Processing of Personal Data (PD),PRI-07.2,Mechanisms exist to clearly define and communicate the organization's role in processing Personal Data (PD) in the data processing ecosystem. ,5
Data Privacy,Obligation To Inform Third-Parties,PRI-07.3,"Mechanisms exist to inform applicable third-parties of any modification, deletion or other change that affects shared Personal Data (PD).",5
Data Privacy,Reject Unauthenticated or Untrustworthy Disclosure Requests,PRI-07.4,"Mechanisms exist to reject unauthenticated, or untrustworthy, disclosure requests.",5
Data Privacy,Justification To Reject Disclosure Requests,PRI-07.5,"Mechanisms exist to reject data subject access requests that are categorized as:
(1) Harassing; 
(2) Repetitive; or
(3) Fraudulent.",5
Data Privacy,"Testing, Training & Monitoring",PRI-08,"Mechanisms exist to conduct cybersecurity & data privacy testing, training and monitoring activities
",8
Data Privacy,Personal Data (PD) Lineage,PRI-09,"Mechanisms exist to maintain a process to document the lineage of Personal Data (PD) by recording how the organization collects, receives, processes, stores, transmits, shares, updates and/or disposes of PD.",5
Data Privacy,Data Quality Management,PRI-10,"Mechanisms exist to manage the quality, utility, objectivity, integrity and impact determination and de-identification of sensitive/regulated data across the information lifecycle.",5
Data Privacy,Automation,PRI-10.1,Automated mechanisms exist to support the evaluation of data quality across the information lifecycle.,1
Data Privacy,Data Analytics Bias,PRI-10.2,Mechanisms exist to evaluate its analytical processes for potential bias.,5
Data Privacy,Data Tagging,PRI-11,Mechanisms exist to issue data modeling guidelines to support tagging of sensitive/regulated data.,3
Data Privacy,Updating Personal Data (PD),PRI-12,Mechanisms exist to develop processes to identify and record the method under which Personal Data (PD) is updated and the frequency that such updates occur.,9
Data Privacy,Enabling Data Subjects To Update Personal Data (PD),PRI-12.1,Mechanisms exist to enable data subjects to update their Personal Data (PD).,4
Data Privacy,Data Management Board,PRI-13,Mechanisms exist to establish a written charter for a Data Management Board (DMB) and assigned organization-defined roles to the DMB.,3
Data Privacy,Documenting Data Processing Activities,PRI-14,"Mechanisms exist to document Personal Data (PD) processing activities that cover collecting, receiving, processing, storing, transmitting, updating, sharing and disposal actions with sufficient detail to demonstrate conformity with applicable statutory, regulatory and contractual requirements.",8
Data Privacy,Accounting of Disclosures,PRI-14.1,"Mechanisms exist to provide data subjects with an accounting of disclosures of their Personal Data (PD) controlled by:
(1) The organization; and/or
(2) Relevant third-parties that their PD was shared with.",8
Data Privacy,Notification of Disclosure Request To Data Subject,PRI-14.2,Mechanisms exist to notify data subjects of applicable legal requests to disclose Personal Data (PD).,5
Data Privacy,Register As A Data Controller and/or Data Processor,PRI-15,"Mechanisms exist to register as a data controller and/or data processor, including registering databases containing Personal Data (PD) with the appropriate Data Authority, when necessary.",3
Data Privacy,Potential Human Rights Abuses,PRI-16,"Mechanisms exist to constrain the supply of physical and/or digital activity logs to the host government that can directly lead to contravention of the Universal Declaration of Human Rights (UDHR), as well as other applicable statutory, regulatory and/or contractual obligations.",10
Data Privacy,Data Subject Communications,PRI-17,"Mechanisms exist to craft disclosures and communications to data subjects in a manner that is concise, unambiguous and understandable by a reasonable person.",6
Data Privacy,Conspicuous Link To Data Privacy Notice,PRI-17.1,Mechanisms exist to include a conspicuous link to the organization's data privacy notice on all consumer-facing websites and mobile applications.,4
Data Privacy,Notice of Financial Incentive,PRI-17.2,"Mechanisms exist to provide data subjects with a Notice of Financial Incentive that explains the material terms of a financial incentive, price or service difference so the data subject can make an informed decision about whether to participate.",2
Data Privacy,Data Controller Communications,PRI-18,"Mechanisms exist to receive and process data controller communications pertaining to:
(1) Receiving and responding to data subject requests;
(2) Updating/correcting Personal Data (PD); 
(3) Accounting for disclosures of PD; and
(4) Accounting for PD that is stored, processed and/or transmitted on behalf of the data controller.",7
Project & Resource Management,Cybersecurity & Data Privacy Portfolio Management,PRM-01,Mechanisms exist to facilitate the implementation of cybersecurity & data privacy-related resource planning controls that define a viable plan for achieving cybersecurity & data privacy objectives.,8
Project & Resource Management,Strategic Plan & Objectives,PRM-01.1,Mechanisms exist to establish a strategic cybersecurity & data privacy-specific business plan and set of objectives to achieve that plan.,5
Project & Resource Management,Targeted Capability Maturity Levels,PRM-01.2,Mechanisms exist to define and identify targeted capability maturity levels.,5
Project & Resource Management,Cybersecurity & Data Privacy Resource Management,PRM-02,"Mechanisms exist to address all capital planning and investment requests, including the resources needed to implement the cybersecurity & data privacy programs and document all exceptions to this requirement. ",8
Project & Resource Management,Allocation of Resources ,PRM-03,"Mechanisms exist to identify and allocate resources for management, operational, technical and data privacy requirements within business process planning for projects / initiatives.",8
Project & Resource Management,Cybersecurity & Data Privacy In Project Management ,PRM-04,"Mechanisms exist to assess cybersecurity & data privacy controls in system project development to determine the extent to which the controls are implemented correctly, operating as intended and producing the desired outcome with respect to meeting the requirements.",10
Project & Resource Management,Cybersecurity & Data Privacy Requirements Definition,PRM-05,"Mechanisms exist to identify critical system components and functions by performing a criticality analysis for critical systems, system components or services at pre-defined decision points in the Secure Development Life Cycle (SDLC). ",9
Project & Resource Management,Business Process Definition ,PRM-06,"Mechanisms exist to define business processes with consideration for cybersecurity & data privacy that determines: 
(1) The resulting risk to organizational operations, assets, individuals and other organizations; and
(2) Information protection needs arising from the defined business processes and revises the processes as necessary, until an achievable set of protection needs is obtained.",7
Project & Resource Management,Secure Development Life Cycle (SDLC) Management,PRM-07,Mechanisms exist to ensure changes to systems within the Secure Development Life Cycle (SDLC) are controlled through formal change control procedures. ,10
Project & Resource Management,Manage Organizational Knowledge,PRM-08,Mechanisms exist to manage the organizational knowledge of the cybersecurity & data privacy staff.,5
Risk Management,Risk Management Program ,RSK-01,"Mechanisms exist to facilitate the implementation of strategic, operational and tactical risk management controls.",10
Risk Management,Risk Framing,RSK-01.1,"Mechanisms exist to identify:
(1) Assumptions affecting risk assessments, risk response and risk monitoring;
(2) Constraints affecting risk assessments, risk response and risk monitoring;
(3) The organizational risk tolerance; and
(4) Priorities, benefits and trade-offs considered by the organization for managing risk.",9
Risk Management,Risk Management Resourcing ,RSK-01.2,Mechanisms exist to reduce the magnitude or likelihood of potential impacts by resourcing the capability required to manage technology-related risks.,8
Risk Management,Risk Tolerance,RSK-01.3,"Mechanisms exist to define organizational risk tolerance, the specified range of acceptable results.",9
Risk Management,Risk Threshold,RSK-01.4,"Mechanisms exist to define organizational risk threshold, the level of risk exposure above which risks are addressed and below which risks may be accepted.",9
Risk Management,Risk Appetite,RSK-01.5,"Mechanisms exist to define organizational risk appetite, the degree of uncertainty the organization is willing to accept in anticipation of a reward.",9
Risk Management,Risk-Based Security Categorization ,RSK-02,"Mechanisms exist to categorize systems and data in accordance with applicable laws, regulations and contractual obligations that:
(1) Document the security categorization results (including supporting rationale) in the security plan for systems; and
(2) Ensure the security categorization decision is reviewed and approved by the asset owner.",9
Risk Management,Impact-Level Prioritization,RSK-02.1,"Mechanisms exist to prioritize the impact level for systems, applications and/or services to prevent potential disruptions.",9
Risk Management,Risk Identification,RSK-03,"Mechanisms exist to identify and document risks, both internal and external. ",9
Risk Management,Risk Catalog,RSK-03.1,Mechanisms exist to develop and keep current a catalog of applicable risks associated with the organization's business operations and technologies in use.,5
Risk Management,Risk Assessment ,RSK-04,"Mechanisms exist to conduct recurring assessments of risk that includes the likelihood and magnitude of harm, from unauthorized access, use, disclosure, disruption, modification or destruction of the organization's systems and data.",10
Risk Management,Risk Register,RSK-04.1,Mechanisms exist to maintain a risk register that facilitates monitoring and reporting of risks.,10
Risk Management,Risk Assessment Methodology,RSK-04.2,"Mechanisms exist to implement a risk assessment methodology to ensure coverage for organizational components relevant for secure, compliant and resilient operations.",8
Risk Management,Risk Ranking ,RSK-05,Mechanisms exist to identify and assign a risk ranking to newly discovered security vulnerabilities that is based on industry-recognized practices. ,9
Risk Management,Risk Remediation ,RSK-06,Mechanisms exist to remediate risks to an acceptable level. ,10
Risk Management,Risk Response,RSK-06.1,"Mechanisms exist to respond to findings from cybersecurity & data privacy assessments, incidents and audits to ensure proper remediation has been performed.",9
Risk Management,Compensating Countermeasures,RSK-06.2,Mechanisms exist to identify and implement compensating countermeasures to reduce risk and exposure to threats.,9
Risk Management,Risk Assessment Update,RSK-07,"Mechanisms exist to routinely update risk assessments and react accordingly upon identifying new security vulnerabilities, including using outside sources for security vulnerability information. ",9
Risk Management,Business Impact Analysis (BIA) ,RSK-08,Mechanisms exist to conduct a Business Impact Analysis (BIA) to identify and assess cybersecurity and data protection risks.,8
Risk Management,Supply Chain Risk Management (SCRM) Plan,RSK-09,"Mechanisms exist to develop a plan for Supply Chain Risk Management (SCRM) associated with the development, acquisition, maintenance and disposal of systems, system components and services, including documenting selected mitigating actions and monitoring performance against those plans.",10
Risk Management,Supply Chain Risk Assessment,RSK-09.1,"Mechanisms exist to periodically assess supply chain risks associated with systems, system components and services.",9
Risk Management,AI & Autonomous Technologies Supply Chain Impacts,RSK-09.2,"Mechanisms exist to address Artificial Intelligence (AI) and Autonomous Technologies (AAT)-related risks and benefits arising from the organization's supply chain, including third-party software and data.",8
Risk Management,Data Protection Impact Assessment (DPIA) ,RSK-10,"Mechanisms exist to conduct a Data Protection Impact Assessment (DPIA) on systems, applications and services that store, process and/or transmit Personal Data (PD) to identify and remediate reasonably-expected risks.",9
Risk Management,Risk Monitoring,RSK-11,"Mechanisms exist to ensure risk monitoring as an integral part of the continuous monitoring strategy that includes monitoring the effectiveness of cybersecurity & data privacy controls, compliance and change management.",9
Risk Management,Risk Culture,RSK-12,Mechanisms exist to ensure teams are committed to a culture that considers and communicates technology-related risk.,4
Secure Engineering & Architecture ,Secure Engineering Principles ,SEA-01,"Mechanisms exist to facilitate the implementation of industry-recognized cybersecurity & data privacy practices in the specification, design, development, implementation and modification of systems and services.",10
Secure Engineering & Architecture ,Centralized Management of Cybersecurity & Data Privacy Controls,SEA-01.1,Mechanisms exist to centrally-manage the organization-wide management and implementation of cybersecurity & data privacy controls and related processes.,9
Secure Engineering & Architecture ,Achieving Resilience Requirements,SEA-01.2,Mechanisms exist to achieve resilience requirements in normal and adverse situations.,4
Secure Engineering & Architecture ,Alignment With Enterprise Architecture ,SEA-02,"Mechanisms exist to develop an enterprise architecture, aligned with industry-recognized leading practices, with consideration for cybersecurity & data privacy principles that addresses risk to organizational operations, assets, individuals, other organizations. ",9
Secure Engineering & Architecture ,Standardized Terminology,SEA-02.1,Mechanisms exist to standardize technology and process terminology to reduce confusion amongst groups and departments. ,3
Secure Engineering & Architecture ,Outsourcing Non-Essential Functions or Services,SEA-02.2,Mechanisms exist to identify non-essential functions or services that are capable of being outsourced to external service providers and align with the organization's enterprise architecture and security standards.,3
Secure Engineering & Architecture ,Technical Debt Reviews,SEA-02.3,Mechanisms exist to conduct ongoing “technical debt” reviews of hardware and software technologies to remediate outdated and/or unsupported technologies.,9
Secure Engineering & Architecture ,Defense-In-Depth (DiD) Architecture,SEA-03,Mechanisms exist to implement security functions as a layered structure minimizing interactions between layers of the design and avoiding any dependence by lower layers on the functionality or correctness of higher layers. ,10
Secure Engineering & Architecture ,System Partitioning ,SEA-03.1,Mechanisms exist to partition systems so that partitions reside in separate physical domains or environments. ,8
Secure Engineering & Architecture ,Application Partitioning,SEA-03.2,Mechanisms exist to separate user functionality from system management functionality. ,8
Secure Engineering & Architecture ,Process Isolation ,SEA-04,Mechanisms exist to implement a separate execution domain for each executing process. ,7
Secure Engineering & Architecture ,Security Function Isolation,SEA-04.1,Mechanisms exist to isolate security functions from non-security functions. ,7
Secure Engineering & Architecture ,Hardware Separation,SEA-04.2,Mechanisms exist to implement underlying hardware separation mechanisms to facilitate process separation. ,7
Secure Engineering & Architecture ,Thread Separation,SEA-04.3,Mechanisms exist to maintain a separate execution domain for each thread in multi-threaded processing. ,7
Secure Engineering & Architecture ,System Privileges Isolation,SEA-04.4,"Mechanisms exist to isolate, or logically separate, any application, service and/or process running with system privileges.",5
Secure Engineering & Architecture ,Information In Shared Resources ,SEA-05,Mechanisms exist to prevent unauthorized and unintended information transfer via shared system resources. ,8
Secure Engineering & Architecture ,Prevent Program Execution,SEA-06,Automated mechanisms exist to prevent the execution of unauthorized software programs. ,8
Secure Engineering & Architecture ,Predictable Failure Analysis ,SEA-07,Mechanisms exist to determine the Mean Time to Failure (MTTF) for system components in specific environments of operation.,5
Secure Engineering & Architecture ,Technology Lifecycle Management,SEA-07.1,Mechanisms exist to manage the usable lifecycles of technology assets. ,7
Secure Engineering & Architecture ,Fail Secure,SEA-07.2,"Mechanisms exist to enable systems to fail to an organization-defined known-state for types of failures, preserving system state information in failure. ",8
Secure Engineering & Architecture ,Fail Safe,SEA-07.3,Mechanisms exist to implement fail-safe procedures when failure conditions occur. ,8
Secure Engineering & Architecture ,Non-Persistence ,SEA-08,Mechanisms exist to implement non-persistent system components and services that are initiated in a known state and terminated upon the end of the session of use or periodically at an organization-defined frequency. ,9
Secure Engineering & Architecture ,Refresh from Trusted Sources,SEA-08.1,Mechanisms exist to ensure that software and data needed for information system component and service refreshes are obtained from trusted sources.,5
Secure Engineering & Architecture ,Information Output Filtering ,SEA-09,Mechanisms exist to validate information output from software programs and/or applications to ensure that the information is consistent with the expected content. ,8
Secure Engineering & Architecture ,Limit Personal Data (PD) Dissemination,SEA-09.1,Mechanisms exist to limit the dissemination of Personal Data (PD) to organization-defined elements identified in the Data Protection Impact Assessment (DPIA) and consistent with authorized purposes.,8
Secure Engineering & Architecture ,Memory Protection ,SEA-10,Mechanisms exist to implement security safeguards to protect system memory from unauthorized code execution. ,8
Secure Engineering & Architecture ,Honeypots ,SEA-11,"Mechanisms exist to utilize honeypots that are specifically designed to be the target of malicious attacks for the purpose of detecting, deflecting and analyzing such attacks. ",3
Secure Engineering & Architecture ,Honeyclients ,SEA-12,Mechanisms exist to utilize honeyclients that proactively seek to identify malicious websites and/or web-based malicious code. ,3
Secure Engineering & Architecture ,Heterogeneity ,SEA-13,Mechanisms exist to utilize a diverse set of technologies for system components to reduce the impact of technical vulnerabilities from the same Original Equipment Manufacturer (OEM). ,3
Secure Engineering & Architecture ,Virtualization Techniques ,SEA-13.1,Mechanisms exist to utilize virtualization techniques to support the employment of a diversity of operating systems and applications.,6
Secure Engineering & Architecture ,Concealment & Misdirection ,SEA-14,Mechanisms exist to utilize concealment and misdirection techniques for systems to confuse and mislead adversaries. ,2
Secure Engineering & Architecture ,Randomness,SEA-14.1,Automated mechanisms exist to introduce randomness into organizational operations and assets.,5
Secure Engineering & Architecture ,Change Processing & Storage Locations,SEA-14.2,Automated mechanisms exist to change the location of processing and/or storage at random time intervals.,5
Secure Engineering & Architecture ,Distributed Processing & Storage ,SEA-15,Mechanisms exist to distribute processing and storage across multiple physical locations. ,4
Secure Engineering & Architecture ,Non-Modifiable Executable Programs ,SEA-16,"Mechanisms exist to utilize non-modifiable executable programs that load and execute the operating environment and applications from hardware-enforced, read-only media.",1
Secure Engineering & Architecture ,Secure Log-On Procedures ,SEA-17,Mechanisms exist to utilize a trusted communications path between the user and the security functions of the system.,8
Secure Engineering & Architecture ,System Use Notification (Logon Banner),SEA-18,Mechanisms exist to utilize system use notification / logon banners that display an approved system use notification message or banner before granting access to the system that provides cybersecurity & data privacy notices.,9
Secure Engineering & Architecture ,Standardized Microsoft Windows Banner,SEA-18.1,Mechanisms exist to configure Microsoft Windows-based systems to display an approved logon banner before granting access to the system that provides cybersecurity & data privacy notices.,9
Secure Engineering & Architecture ,Truncated Banner,SEA-18.2,"Mechanisms exist to utilize a truncated system use notification / logon banner on systems not capable of displaying a logon banner from a centralized source, such as Active Directory.",9
Secure Engineering & Architecture ,Previous Logon Notification,SEA-19,"Mechanisms exist to configure systems that process, store or transmit sensitive/regulated data to notify the user, upon successful logon, of the number of unsuccessful logon attempts since the last successful logon.",3
Secure Engineering & Architecture ,Clock Synchronization,SEA-20,Mechanisms exist to utilize time-synchronization technology to synchronize all critical system clocks. ,9
Secure Engineering & Architecture ,Application Container,SEA-21,"Mechanisms exist to utilize an application container (virtualization approach) to isolate to a known set of dependencies, access methods and interfaces.",5
Security Operations,Operations Security ,OPS-01,Mechanisms exist to facilitate the implementation of operational security controls.,8
Security Operations,Standardized Operating Procedures (SOP),OPS-01.1,"Mechanisms exist to identify and document Standardized Operating Procedures (SOP), or similar documentation, to enable the proper execution of day-to-day / assigned tasks.",9
Security Operations,Security Concept Of Operations (CONOPS) ,OPS-02,"Mechanisms exist to develop a security Concept of Operations (CONOPS), or a similarly-defined plan for achieving cybersecurity objectives, that documents management, operational and technical measures implemented to apply defense-in-depth techniques that is communicated to all appropriate stakeholders. ",9
Security Operations,"Service Delivery
(Business Process Support) ",OPS-03,"Mechanisms exist to define supporting business processes and implement appropriate governance and service management to ensure appropriate planning, delivery and support of the organization's technology capabilities supporting business functions, workforce, and/or customers based on industry-recognized standards to achieve the specific goals of the process area.",7
Security Operations,Security Operations Center (SOC),OPS-04,Mechanisms exist to establish and maintain a Security Operations Center (SOC) that facilitates a 24x7 response capability.,8
Security Operations,Secure Practices Guidelines,OPS-05,"Mechanisms exist to provide guidelines and recommendations for the secure use of products and/or services to assist in the configuration, installation and use of the product and/or service.",7
Security Operations,"Security Orchestration, Automation, and Response (SOAR)",OPS-06,"Mechanisms exist to utilize Security Orchestration, Automation and Response (SOAR) tools to define, prioritize and automate the response to security incidents.",5
Security Operations,Shadow Information Technology Detection,OPS-07,"Mechanisms exist to detect the presence of unauthorized software, systems and services in use.",8
Security Awareness & Training ,Cybersecurity & Data Privacy-Minded Workforce ,SAT-01,Mechanisms exist to facilitate the implementation of security workforce development and awareness controls. ,8
Security Awareness & Training ,Maintaining Workforce Development Relevancy,SAT-01.1,"Mechanisms exist to periodically review security workforce development and awareness training to account for changes to:
(1) Organizational policies, standards and procedures;
(2) Assigned roles and responsibilities;
(3) Relevant threats and risks; and
(4) Technological developments.",6
Security Awareness & Training ,Cybersecurity & Data Privacy Awareness Training,SAT-02,Mechanisms exist to provide all employees and contractors appropriate awareness education and training that is relevant for their job function. ,8
Security Awareness & Training ,Simulated Cyber Attack Scenario Training,SAT-02.1,Mechanisms exist to include simulated actual cyber-attacks through practical exercises that are aligned with current threat scenarios.,3
Security Awareness & Training ,Social Engineering & Mining,SAT-02.2,Mechanisms exist to include awareness training on recognizing and reporting potential and actual instances of social engineering and social mining.,5
Security Awareness & Training ,Role-Based Cybersecurity & Data Privacy Training ,SAT-03,"Mechanisms exist to provide role-based cybersecurity & data privacy-related training: 
(1) Before authorizing access to the system or performing assigned duties; 
(2) When required by system changes; and 
(3) Annually thereafter.",8
Security Awareness & Training ,Practical Exercises ,SAT-03.1,Mechanisms exist to include practical exercises in cybersecurity & data privacy training that reinforce training objectives.,3
Security Awareness & Training ,Suspicious Communications & Anomalous System Behavior,SAT-03.2,Mechanisms exist to provide training to personnel on organization-defined indicators of malware to recognize suspicious communications and anomalous behavior.,9
Security Awareness & Training ,"Sensitive / Regulated Data Storage, Handling & Processing",SAT-03.3,"Mechanisms exist to ensure that every user accessing a system processing, storing or transmitting sensitive / regulated data is formally trained in data handling requirements.",9
Security Awareness & Training ,Vendor Cybersecurity & Data Privacy Training,SAT-03.4,Mechanisms exist to incorporate vendor-specific security training in support of new technology initiatives. ,7
Security Awareness & Training ,Privileged Users,SAT-03.5,Mechanisms exist to provide specific training for privileged users to ensure privileged users understand their unique roles and responsibilities ,9
Security Awareness & Training ,Cyber Threat Environment,SAT-03.6,Mechanisms exist to provide role-based cybersecurity & data privacy awareness training that is current and relevant to the cyber threats that users might encounter in day-to-day business operations.,8
Security Awareness & Training ,Continuing Professional Education (CPE) - Cybersecurity & Data Privacy Personnel,SAT-03.7,Mechanisms exist to ensure cybersecurity & data privacy personnel receive Continuing Professional Education (CPE) training to maintain currency and proficiency with industry-recognized secure practices that are pertinent to their assigned roles and responsibilities.,8
Security Awareness & Training ,Continuing Professional Education (CPE) - DevOps Personnel,SAT-03.8,Mechanisms exist to ensure application development and operations (DevOps) personnel receive Continuing Professional Education (CPE) training on Secure Software Development Practices (SSDP) to appropriately address evolving threats.,8
Security Awareness & Training ,Counterintelligence Training,SAT-03.9,"Mechanisms exist to provide specialized counterintelligence awareness training that enables personnel to collect, interpret and act upon a range of data sources that may signal the presence of a hostile actor.",1
Security Awareness & Training ,Cybersecurity & Data Privacy Training Records ,SAT-04,"Mechanisms exist to document, retain and monitor individual training activities, including basic cybersecurity & data privacy awareness training, ongoing awareness training and specific-system training.",9
Security Awareness & Training ,Cybersecurity Knowledge Sharing,SAT-05,Mechanisms exist to improve cybersecurity and data protection knowledge sharing across security personnel allowing for more rapid and effective response to incidents.,3
Technology Development & Acquisition,Technology Development & Acquisition,TDA-01,"Mechanisms exist to facilitate the implementation of tailored development and acquisition strategies, contract tools and procurement methods to meet unique business needs.",10
Technology Development & Acquisition,Product Management,TDA-01.1,"Mechanisms exist to design and implement product management processes to proactively govern the design, development and production of products and/or services across the System Development Life Cycle (SDLC) to:
(1) Improve functionality;
(2) Enhance security and resiliency capabilities; 
(3) Correct security deficiencies; and
(4) Conform with applicable statutory, regulatory and/or contractual obligations.",10
Technology Development & Acquisition,Integrity Mechanisms for Software / Firmware Updates ,TDA-01.2,Mechanisms exist to utilize integrity validation mechanisms for security updates.,5
Technology Development & Acquisition,Malware Testing Prior to Release ,TDA-01.3,Mechanisms exist to utilize at least one(1) malware detection tool to identify if any known malware exists in the final binaries of the product or security update.,9
Technology Development & Acquisition,DevSecOps,TDA-01.4,"Mechanisms exist to integrate cybersecurity and data privacy into Development, Security and Operations (DevSecOps) to prioritize secure practices throughout the Software Development Lifecycle (SDLC).",6
Technology Development & Acquisition,Minimum Viable Product (MVP) Security Requirements ,TDA-02,"Mechanisms exist to design, develop and produce products and/or services in such a way that risk-based technical and functional specifications ensure Minimum Viable Product (MVP) criteria establish an appropriate level of security and resiliency based on applicable risks and threats.",9
Technology Development & Acquisition,"Ports, Protocols & Services In Use",TDA-02.1,"Mechanisms exist to require the developers of systems, system components or services to identify early in the Secure Development Life Cycle (SDLC), the functions, ports, protocols and services intended for use. ",8
Technology Development & Acquisition,Information Assurance Enabled Products,TDA-02.2,Mechanisms exist to limit the use of commercially-provided Information Assurance (IA) and IA-enabled IT products to those products that have been successfully evaluated against a National Information Assurance partnership (NIAP)-approved Protection Profile or the cryptographic module is FIPS-validated or NSA-approved.,2
Technology Development & Acquisition,"Development Methods, Techniques & Processes",TDA-02.3,"Mechanisms exist to require software developers to ensure that their software development processes employ industry-recognized secure practices for secure programming, engineering methods, quality control processes and validation techniques to minimize flawed and/or malformed software.",5
Technology Development & Acquisition,Pre-Established Secure Configurations,TDA-02.4,"Mechanisms exist to ensure vendors / manufacturers:
(1) Deliver the system, component, or service with a pre-established, secure configuration implemented; and
(2) Use the pre-established, secure configuration as the default for any subsequent system, component, or service reinstallation or upgrade.",8
Technology Development & Acquisition,"Identification & Justification of Ports, Protocols & Services",TDA-02.5,"Mechanisms exist to require process owners to identify, document and justify the business need for the ports, protocols and other services necessary to operate their technology solutions. ",8
Technology Development & Acquisition,"Insecure Ports, Protocols & Services",TDA-02.6,"Mechanisms exist to mitigate the risk associated with the use of insecure ports, protocols and services necessary to operate technology solutions. ",9
Technology Development & Acquisition,Cybersecurity & Data Privacy Representatives For Product Changes,TDA-02.7,Mechanisms exist to include appropriate cybersecurity & data privacy representatives in the product feature and/or functionality change control review process.,10
Technology Development & Acquisition,Minimizing Attack Surfaces,TDA-02.8,Mechanisms exist to minimize the attack surface of products and/or services by reasonably mitigating known exploitable vulnerabilities.,9
Technology Development & Acquisition,Ongoing Product Security Support,TDA-02.9,"Mechanisms exist to deliver security updates to products and/or services, where applicable, through:
(1) Automatic updates; and
(2) Notification of available updates to affected users.",9
Technology Development & Acquisition,Product Testing & Reviews,TDA-02.10,Mechanisms exist to regularly review products and/or services for an appropriate level of security and resiliency based on applicable risks and threats.,9
Technology Development & Acquisition,Disclosure of Vulnerabilities,TDA-02.11,"Mechanisms exist to disclose information about vulnerabilities to relevant stakeholders, including:
(1) A description of the vulnerability(ies);
(2) Affected product(s) and/or service(s);
(3) Potential impact of the vulnerability(ies);
(4) Severity of the vulnerability(ies); and
(5) Guidance to remediate the vulnerability(ies).",5
Technology Development & Acquisition,Products With Digital Elements,TDA-02.12,Mechanisms exist to categorize applicable security and resiliency requirements for products and/or services with digital elements.,6
Technology Development & Acquisition,Reporting Exploitable Vulnerabilities,TDA-02.13,"Mechanisms exist to notify applicable stakeholders about potentially exploitable vulnerabilities in organization-developed products and/or services, as required by statutory, regulatory and/or contractual obligations.",8
Technology Development & Acquisition,Commercial Off-The-Shelf (COTS) Security Solutions ,TDA-03,Mechanisms exist to utilize only Commercial Off-the-Shelf (COTS) security products. ,5
Technology Development & Acquisition,Supplier Diversity,TDA-03.1,Mechanisms exist to obtain cybersecurity & data privacy technologies from different suppliers to minimize supply chain risk.,3
Technology Development & Acquisition,Documentation Requirements,TDA-04,"Mechanisms exist to obtain, protect and distribute administrator documentation for systems that describe:
(1) Secure configuration, installation and operation of the system;
(2) Effective use and maintenance of security features/functions; and
(3) Known vulnerabilities regarding configuration and use of administrative (e.g., privileged) functions.",8
Technology Development & Acquisition,Functional Properties ,TDA-04.1,"Mechanisms exist to require software developers to provide information describing the functional properties of the security controls to be utilized within systems, system components or services in sufficient detail to permit analysis and testing of the controls. ",8
Technology Development & Acquisition,Software Bill of Materials (SBOM),TDA-04.2,"Mechanisms exist to generate, or obtain, a Software Bill of Materials (SBOM) for systems, applications and services that lists software packages in use, including versions and applicable licenses.",9
Technology Development & Acquisition,Developer Architecture & Design ,TDA-05,"Mechanisms exist to require the developers of systems, system components or services to produce a design specification and security architecture that: 
(1) Is consistent with and supportive of the organization's security architecture which is established within and is an integrated part of the organization's enterprise architecture;
(2) Accurately and completely describes the required security functionality and the allocation of security controls among physical and logical components; and
(3) Expresses how individual security functions, mechanisms and services work together to provide required security capabilities and a unified approach to protection.",8
Technology Development & Acquisition,Physical Diagnostic & Test Interfaces,TDA-05.1,Mechanisms exist to secure physical diagnostic and test interfaces to prevent misuse.,5
Technology Development & Acquisition,Diagnostic & Test Interface Monitoring,TDA-05.2,Mechanisms exist to enable endpoint devices to log events and generate alerts for attempts to access diagnostic and test interfaces.,3
Technology Development & Acquisition,Secure Software Development Practices (SSDP),TDA-06,Mechanisms exist to develop applications based on Secure Software Development Practices (SSDP).,10
Technology Development & Acquisition,Criticality Analysis,TDA-06.1,"Mechanisms exist to require the developer of the system, system component or service to perform a criticality analysis at organization-defined decision points in the Secure Development Life Cycle (SDLC).",9
Technology Development & Acquisition,Threat Modeling,TDA-06.2,"Mechanisms exist to perform threat modelling and other secure design techniques, to ensure that threats to software and solutions are identified and accounted for.",7
Technology Development & Acquisition,Software Assurance Maturity Model (SAMM),TDA-06.3,"Mechanisms exist to utilize a Software Assurance Maturity Model (SAMM) to govern a secure development lifecycle for the development of systems, applications and services.",9
Technology Development & Acquisition,Supporting Toolchain,TDA-06.4,"Automated mechanisms exist to improve the accuracy, consistency and comprehensiveness of secure practices throughout the asset's lifecycle.",6
Technology Development & Acquisition,Software Design Review,TDA-06.5,Mechanisms exist to have an independent review of the software design to confirm that all cybersecurity & data privacy requirements are met and that any identified risks are satisfactorily addressed.,10
Technology Development & Acquisition,Secure Development Environments ,TDA-07,Mechanisms exist to maintain a segmented development network to ensure a secure development environment. ,9
Technology Development & Acquisition,"Separation of Development, Testing and Operational Environments ",TDA-08,"Mechanisms exist to manage separate development, testing and operational environments to reduce the risks of unauthorized access or changes to the operational environment and to ensure no impact to production systems.",10
Technology Development & Acquisition,Secure Migration Practices,TDA-08.1,"Mechanisms exist to ensure secure migration practices purge systems, applications and services of test/development/staging data and accounts before it is migrated into a production environment.",8
Technology Development & Acquisition,Cybersecurity & Data Privacy Testing Throughout Development ,TDA-09,"Mechanisms exist to require system developers/integrators consult with cybersecurity & data privacy personnel to: 
(1) Create and implement a Security Testing and Evaluation (ST&E) plan, or similar capability;
(2) Implement a verifiable flaw remediation process to correct weaknesses and deficiencies identified during the security testing and evaluation process; and
(3) Document the results of the security testing/evaluation and flaw remediation processes.",9
Technology Development & Acquisition,Continuous Monitoring Plan,TDA-09.1,"Mechanisms exist to require the developers of systems, system components or services to produce a plan for the continuous monitoring of cybersecurity & data privacy control effectiveness. ",9
Technology Development & Acquisition,Static Code Analysis,TDA-09.2,"Mechanisms exist to require the developers of systems, system components or services to employ static code analysis tools to identify and remediate common flaws and document the results of the analysis. ",9
Technology Development & Acquisition,Dynamic Code Analysis ,TDA-09.3,"Mechanisms exist to require the developers of systems, system components or services to employ dynamic code analysis tools to identify and remediate common flaws and document the results of the analysis. ",9
Technology Development & Acquisition,Malformed Input Testing,TDA-09.4,"Mechanisms exist to utilize testing methods to ensure systems, services and products continue to operate as intended when subject to invalid or unexpected inputs on its interfaces.",7
Technology Development & Acquisition,Application Penetration Testing,TDA-09.5,Mechanisms exist to perform application-level penetration testing of custom-made applications and services.,9
Technology Development & Acquisition,Secure Settings By Default,TDA-09.6,Mechanisms exist to implement secure configuration settings by default to reduce the likelihood of software being deployed with weak security settings that would put the asset at a greater risk of compromise.,9
Technology Development & Acquisition,Manual Code Review,TDA-09.7,"Mechanisms exist to require the developers of systems, system components or services to employ a manual code review process to identify and remediate unique flaws that require knowledge of the application’s requirements and design.",5
Technology Development & Acquisition,Use of Live Data ,TDA-10,"Mechanisms exist to approve, document and control the use of live data in development and test environments.",9
Technology Development & Acquisition,Test Data Integrity,TDA-10.1,Mechanisms exist to ensure the integrity of test data through existing cybersecurity & data privacy controls.,8
Technology Development & Acquisition,Product Tampering and Counterfeiting (PTC),TDA-11,Mechanisms exist to maintain awareness of component authenticity by developing and implementing Product Tampering and Counterfeiting (PTC) practices that include the means to detect and prevent counterfeit components.,9
Technology Development & Acquisition,Anti-Counterfeit Training,TDA-11.1,"Mechanisms exist to train personnel to detect counterfeit system components, including hardware, software and firmware. ",6
Technology Development & Acquisition,Component Disposal,TDA-11.2,"[deprecated - incorporated into AST-09]
Mechanisms exist to dispose of system components using organization-defined techniques and methods to prevent such components from entering the gray market. ",0
Technology Development & Acquisition,Customized Development of Critical Components ,TDA-12,"Mechanisms exist to custom-develop critical system components, when Commercial Off The Shelf (COTS) solutions are unavailable.",8
Technology Development & Acquisition,Developer Screening ,TDA-13,"Mechanisms exist to ensure that the developers of systems, applications and/or services have the requisite skillset and appropriate access authorizations.",9
Technology Development & Acquisition,Developer Configuration Management ,TDA-14,"Mechanisms exist to require system developers and integrators to perform configuration management during system design, development, implementation and operation.",9
Technology Development & Acquisition,Software / Firmware Integrity Verification,TDA-14.1,"Mechanisms exist to require developer of systems, system components or services to enable integrity verification of software and firmware components. ",8
Technology Development & Acquisition,Hardware Integrity Verification,TDA-14.2,"Mechanisms exist to require developer of systems, system components or services to enable integrity verification of hardware components.",5
Technology Development & Acquisition,Developer Threat Analysis & Flaw Remediation,TDA-15,"Mechanisms exist to require system developers and integrators to develop and implement an ongoing Security Testing and Evaluation (ST&E) plan, or similar process, to objectively identify and remediate vulnerabilities prior to release to production.",9
Technology Development & Acquisition,Developer-Provided Training ,TDA-16,"Mechanisms exist to require the developers of systems, system components or services to provide training on the correct use and operation of the system, system component or service.",9
Technology Development & Acquisition,Unsupported Systems ,TDA-17,"Mechanisms exist to prevent unsupported systems by:
(1) Replacing systems when support for the components is no longer available from the developer, vendor or manufacturer; and
(2) Requiring justification and documented approval for the continued use of unsupported system components required to satisfy mission/business needs.",10
Technology Development & Acquisition,Alternate Sources for Continued Support,TDA-17.1,Mechanisms exist to provide in-house support or contract external providers for support with unsupported system components. ,8
Technology Development & Acquisition,Input Data Validation ,TDA-18,Mechanisms exist to check the validity of information inputs. ,9
Technology Development & Acquisition,Error Handling ,TDA-19,"Mechanisms exist to handle error conditions by: 
(1) Identifying potentially security-relevant error conditions;
(2) Generating error messages that provide information necessary for corrective actions without revealing sensitive or potentially harmful information in error logs and administrative messages that could be exploited; and
(3) Revealing error messages only to authorized personnel.",9
Technology Development & Acquisition,Access to Program Source Code ,TDA-20,Mechanisms exist to limit privileges to change software resident within software libraries. ,9
Technology Development & Acquisition,Software Release Integrity Verification,TDA-20.1,Mechanisms exist to publish integrity verification information for software releases.,6
Technology Development & Acquisition,Archiving Software Releases,TDA-20.2,"Mechanisms exist to archive software releases and all of their components (e.g., code, package files, third-party libraries, documentation) to maintain integrity verification information.",8
Technology Development & Acquisition,Software Escrow,TDA-20.3,Mechanisms exist to escrow source code and supporting documentation to ensure software availability in the event the software provider goes out of business or is unable to provide support. ,7
Technology Development & Acquisition,Product Conformity Governance,TDA-21,"Mechanisms exist to ensure developed products and/or services conform to applicable statutory and regulatory requirements, based on the product's and/or service's:
(1) Use case(s); and
(2) Geographic markets.",9
Technology Development & Acquisition,Technical Documentation Artifacts,TDA-22,"Mechanisms exist to generate appropriate technical documentation artifacts for products and/or services in sufficient detail to demonstrate conformity with applicable statutory, regulatory and contractual compliance requirements.",7
Technology Development & Acquisition,Product-Specific Risk Assessment Artifacts,TDA-22.1,Mechanisms exist to include a detailed cybersecurity risk assessment in the technical documentation for products and/or services to demonstrate applicable risks in approved use cases.,4
Third-Party Management ,Third-Party Management ,TPM-01,Mechanisms exist to facilitate the implementation of third-party management controls.,10
Third-Party Management ,Third-Party Inventories ,TPM-01.1,"Mechanisms exist to maintain a current, accurate and complete list of External Service Providers (ESPs) that can potentially impact the Confidentiality, Integrity, Availability and/or Safety (CIAS) of the organization's systems, applications, services and data.",8
Third-Party Management ,Third-Party Criticality Assessments,TPM-02,"Mechanisms exist to identify, prioritize and assess suppliers and partners of critical systems, components and services using a supply chain risk assessment process relative to their importance in supporting the delivery of high-value services.",9
Third-Party Management ,Supply Chain Risk Management (SCRM),TPM-03,"Mechanisms exist to:
(1) Evaluate security risks and threats associated with the services and product supply chains; and
(2) Take appropriate remediation actions to minimize the organization's exposure to those risks and threats, as necessary.",9
Third-Party Management ,"Acquisition Strategies, Tools & Methods",TPM-03.1,"Mechanisms exist to utilize tailored acquisition strategies, contract tools and procurement methods for the purchase of unique systems, system components or services.",9
Third-Party Management ,Limit Potential Harm,TPM-03.2,Mechanisms exist to utilize security safeguards to limit harm from potential adversaries who identify and target the organization's supply chain. ,9
Third-Party Management ,Processes To Address Weaknesses or Deficiencies,TPM-03.3,Mechanisms exist to address identified weaknesses or deficiencies in the security of the supply chain ,9
Third-Party Management ,Adequate Supply,TPM-03.4,Mechanisms exist to develop and implement a spare parts strategy to ensure that an adequate supply of critical components is available to meet operational needs. ,9
Third-Party Management ,Third-Party Services ,TPM-04,Mechanisms exist to mitigate the risks associated with third-party access to the organization's systems and data.,10
Third-Party Management ,Third-Party Risk Assessments & Approvals,TPM-04.1,Mechanisms exist to conduct a risk assessment prior to the acquisition or outsourcing of technology-related services.,9
Third-Party Management ,"External Connectivity Requirements - Identification of Ports, Protocols & Services",TPM-04.2,"Mechanisms exist to require External Service Providers (ESPs) to identify and document the business need for ports, protocols and other services it requires to operate its processes and technologies.",7
Third-Party Management ,Conflict of Interests,TPM-04.3,Mechanisms exist to ensure that the interests of external service providers are consistent with and reflect organizational interests.,8
Third-Party Management ,"Third-Party Processing, Storage and Service Locations",TPM-04.4,Mechanisms exist to restrict the location of information processing/storage based on business requirements. ,10
Third-Party Management ,Third-Party Contract Requirements,TPM-05,"Mechanisms exist to require contractual requirements for cybersecurity & data privacy requirements with third-parties, reflecting the organization's needs to protect its systems, processes and data.",10
Third-Party Management ,Security Compromise Notification Agreements,TPM-05.1,"Mechanisms exist to compel External Service Providers (ESPs) to provide notification of actual or potential compromises in the supply chain that can potentially affect or have adversely affected systems, applications and/or services that the organization utilizes.",9
Third-Party Management ,Contract Flow-Down Requirements,TPM-05.2,Mechanisms exist to ensure cybersecurity & data privacy requirements are included in contracts that flow-down to applicable sub-contractors and suppliers.,9
Third-Party Management ,Third-Party Authentication Practices,TPM-05.3,Mechanisms exist to ensure External Service Providers (ESPs) use unique authentication factors for each of its customers.,8
Third-Party Management ,"Responsible, Accountable, Supportive, Consulted & Informed (RASCI) Matrix",TPM-05.4,"Mechanisms exist to document and maintain a Responsible, Accountable, Supportive, Consulted & Informed (RASCI) matrix, or similar documentation, to delineate assignment for cybersecurity & data privacy controls between internal stakeholders and External Service Providers (ESPs). ",8
Third-Party Management ,Third-Party Scope Review,TPM-05.5,"Mechanisms exist to perform recurring validation of the Responsible, Accountable, Supportive, Consulted & Informed (RASCI) matrix, or similar documentation, to ensure cybersecurity & data privacy control assignments accurately reflect current business practices, compliance obligations, technologies and stakeholders. ",10
Third-Party Management ,First-Party Declaration (1PD),TPM-05.6,"Mechanisms exist to obtain a First-Party Declaration(1PD) from applicable External Service Providers (ESPs) that provides assurance of compliance with specified statutory, regulatory and contractual obligations for cybersecurity & data privacy controls, including any flow-down requirements to subcontractors. ",7
Third-Party Management ,Break Clauses,TPM-05.7,"Mechanisms exist to include ""break clauses"" within contracts for failure to meet contract criteria for cybersecurity and/or data privacy controls.",9
Third-Party Management ,Third-Party Attestation (3PA),TPM-05.8,"Mechanisms exist to obtain an attestation from an independent Third-Party Assessment Organization (3PAO) that provides assurance of conformity with specified statutory, regulatory and contractual obligations for cybersecurity & data privacy controls, including any flow-down requirements to contractors and subcontractors.",5
Third-Party Management ,Third-Party Personnel Security ,TPM-06,Mechanisms exist to control personnel security requirements including security roles and responsibilities for third-party providers.,9
Third-Party Management ,Monitoring for Third-Party Information Disclosure ,TPM-07,Mechanisms exist to monitor for evidence of unauthorized exfiltration or disclosure of organizational information. ,8
Third-Party Management ,Review of Third-Party Services,TPM-08,"Mechanisms exist to monitor, regularly review and assess External Service Providers (ESPs) for compliance with established contractual requirements for cybersecurity & data privacy controls. ",9
Third-Party Management ,Third-Party Deficiency Remediation ,TPM-09,Mechanisms exist to address weaknesses or deficiencies in supply chain elements identified during independent or organizational assessments of such elements. ,9
Third-Party Management ,Managing Changes To Third-Party Services,TPM-10,"Mechanisms exist to control changes to services by suppliers, taking into account the criticality of business information, systems and processes that are in scope by the third-party.",8
Third-Party Management ,Third-Party Incident Response & Recovery Capabilities,TPM-11,Mechanisms exist to ensure response/recovery planning and testing are conducted with critical suppliers/providers. ,8
Threat Management,Threat Intelligence Program,THR-01,"Mechanisms exist to implement a threat intelligence program that includes a cross-organization information-sharing capability that can influence the development of the system and security architectures, selection of security solutions, monitoring, threat hunting, response and recovery activities.",8
Threat Management,Indicators of Exposure (IOE),THR-02,Mechanisms exist to develop Indicators of Exposure (IOE) to understand the potential attack vectors that attackers could use to attack the organization. ,8
Threat Management,Threat Intelligence Feeds,THR-03,"Mechanisms exist to maintain situational awareness of vulnerabilities and evolving threats by leveraging the knowledge of attacker tactics, techniques and procedures to facilitate the implementation of preventative and compensating controls.",8
Threat Management,Threat Intelligence Reporting,THR-03.1,"Mechanisms exist to utilize external threat intelligence feeds to generate and disseminate organization-specific security alerts, advisories and/or directives.",8
Threat Management,Insider Threat Program ,THR-04,Mechanisms exist to implement an insider threat program that includes a cross-discipline insider threat incident handling team. ,8
Threat Management,Insider Threat Awareness,THR-05,Mechanisms exist to utilize security awareness training on recognizing and reporting potential indicators of insider threat.,8
Threat Management,Vulnerability Disclosure Program (VDP),THR-06,"Mechanisms exist to establish a Vulnerability Disclosure Program (VDP) to assist with the secure development and maintenance of products and services that receives unsolicited input from the public about vulnerabilities in organizational systems, services and processes.",8
Threat Management,Security Disclosure Contact Information,THR-06.1,Mechanisms exist to enable public submissions of discovered or potential security vulnerabilities.,1
Threat Management,Threat Hunting,THR-07,"Mechanisms exist to perform cyber threat hunting that uses Indicators of Compromise (IoC) to detect, track and disrupt threats that evade existing security controls.",4
Threat Management,Tainting,THR-08,Mechanisms exist to embed false data or steganographic data in files to enable the organization to determine if data has been exfiltrated and provide a means to identify the individual(s) involved.,1
Threat Management,Threat Catalog,THR-09,"Mechanisms exist to develop and keep current a catalog of applicable internal and external threats to the organization, both natural and manmade.",5
Threat Management,Threat Analysis,THR-10,"Mechanisms exist to identify, assess, prioritize and document the potential impact(s) and likelihood(s) of applicable internal and external threats.",7
Threat Management,Behavioral Baselining,THR-11,Automated mechanisms exist to establish behavioral baselines that capture information about user and entity behavior to enable dynamic threat discovery.,5
Vulnerability & Patch Management ,Vulnerability & Patch Management Program (VPMP),VPM-01,Mechanisms exist to facilitate the implementation and monitoring of vulnerability management controls.,9
Vulnerability & Patch Management ,Attack Surface Scope,VPM-01.1,Mechanisms exist to define and manage the scope for its attack surface management activities.,5
Vulnerability & Patch Management ,Vulnerability Remediation Process ,VPM-02,"Mechanisms exist to ensure that vulnerabilities are properly identified, tracked and remediated.",10
Vulnerability & Patch Management ,Vulnerability Ranking ,VPM-03,Mechanisms exist to identify and assign a risk ranking to newly discovered security vulnerabilities using reputable outside sources for security vulnerability information. ,8
Vulnerability & Patch Management ,Vulnerability Exploitation Analysis,VPM-03.1,"Mechanisms exist to identify, assess, prioritize and document the potential impact(s) and likelihood(s) of applicable internal and external threats exploiting known vulnerabilities.",5
Vulnerability & Patch Management ,Continuous Vulnerability Remediation Activities,VPM-04,Mechanisms exist to address new threats and vulnerabilities on an ongoing basis and ensure assets are protected against known attacks. ,8
Vulnerability & Patch Management ,Stable Versions,VPM-04.1,Mechanisms exist to install the latest stable version of any software and/or security-related updates on all applicable systems.,8
Vulnerability & Patch Management ,Flaw Remediation with Personal Data (PD),VPM-04.2,"Mechanisms exist to identify and correct flaws related to the collection, usage, processing or dissemination of Personal Data (PD).",8
Vulnerability & Patch Management ,Deferred Patching Decisions,VPM-04.3,Mechanisms exist to facilitate the deferral of software and/or firmware patches when the disadvantages of applying the patch outweighs the benefits.,2
Vulnerability & Patch Management ,Software & Firmware Patching,VPM-05,"Mechanisms exist to conduct software patching for all deployed operating systems, applications and firmware.",10
Vulnerability & Patch Management ,Centralized Management of Flaw Remediation Processes,VPM-05.1,Mechanisms exist to centrally-manage the flaw remediation process. ,9
Vulnerability & Patch Management ,Automated Remediation Status,VPM-05.2,Automated mechanisms exist to determine the state of system components with regard to flaw remediation. ,9
Vulnerability & Patch Management ,Time To Remediate / Benchmarks For Corrective Action,VPM-05.3,Mechanisms exist to track the effectiveness of remediation operations through metrics reporting.,6
Vulnerability & Patch Management ,Automated Software & Firmware Updates,VPM-05.4,Automated mechanisms exist to install the latest stable versions of security-relevant software and firmware updates.,5
Vulnerability & Patch Management ,Removal of Previous Versions,VPM-05.5,Mechanisms exist to remove old versions of software and firmware components after updated versions have been installed. ,5
Vulnerability & Patch Management ,Pre-Deployment Patch Testing,VPM-05.6,Mechanisms exist to perform due diligence on software and/or firmware update stability by conducting pre-production testing in a non-production environment.,7
Vulnerability & Patch Management ,Out-of-Cycle Patching,VPM-05.7,Mechanisms exist to perform out-of-cycle software and/or firmware updates to address time-sensitive remediations.,7
Vulnerability & Patch Management ,Software Patch Integrity,VPM-05.8,"Mechanisms exist to ensure software and/or firmware patches are:
(1) Obtained from trusted sources; and 
(2) Checked for integrity.",9
Vulnerability & Patch Management ,Vulnerability Scanning ,VPM-06,Mechanisms exist to detect vulnerabilities and configuration errors by routine vulnerability scanning of systems and applications.,9
Vulnerability & Patch Management ,Update Tool Capability,VPM-06.1,Mechanisms exist to update vulnerability scanning tools.,8
Vulnerability & Patch Management ,Breadth / Depth of Coverage ,VPM-06.2,Mechanisms exist to identify the breadth and depth of coverage for vulnerability scanning that define the system components scanned and types of vulnerabilities that are checked for. ,8
Vulnerability & Patch Management ,Privileged Access,VPM-06.3,Mechanisms exist to implement privileged access authorization for selected vulnerability scanning activities. ,9
Vulnerability & Patch Management ,Trend Analysis,VPM-06.4,Automated mechanisms exist to compare the results of vulnerability scans over time to determine trends in system vulnerabilities. ,9
Vulnerability & Patch Management ,Review Historical event logs,VPM-06.5,Mechanisms exist to review historical event logs to determine if identified vulnerabilities have been previously exploited. ,9
Vulnerability & Patch Management ,External Vulnerability Assessment Scans,VPM-06.6,"Mechanisms exist to perform quarterly external vulnerability scans (outside the organization's network looking inward) via a reputable vulnerability service provider, which include rescans until passing results are obtained or all “high” vulnerabilities are resolved, as defined by the Common Vulnerability Scoring System (CVSS).",9
Vulnerability & Patch Management ,Internal Vulnerability Assessment Scans,VPM-06.7,"Mechanisms exist to perform quarterly internal vulnerability scans, which includes all segments of the organization's internal network, as well as rescans until passing results are obtained or all “high” vulnerabilities are resolved, as defined by the Common Vulnerability Scoring System (CVSS).",9
Vulnerability & Patch Management ,Acceptable Discoverable Information,VPM-06.8,Mechanisms exist to define what information is allowed to be discoverable by adversaries and take corrective actions to remediated non-compliant systems.,5
Vulnerability & Patch Management ,Correlate Scanning Information,VPM-06.9,Automated mechanisms exist to correlate the output from vulnerability scanning tools to determine the presence of multi-vulnerability/multi-hop attack vectors.,5
Vulnerability & Patch Management ,Penetration Testing ,VPM-07,Mechanisms exist to conduct penetration testing on systems and web applications.,9
Vulnerability & Patch Management ,Independent Penetration Agent or Team,VPM-07.1,Mechanisms exist to utilize an independent assessor or penetration team to perform penetration testing.,6
Vulnerability & Patch Management ,Technical Surveillance Countermeasures Security ,VPM-08,Mechanisms exist to utilize a technical surveillance countermeasures survey.,1
Vulnerability & Patch Management ,Reviewing Vulnerability Scanner Usage,VPM-09,Mechanisms exist to monitor logs associated with scanning activities and associated administrator accounts to ensure that those activities are limited to the timeframes of legitimate scans. ,3
Vulnerability & Patch Management ,Red Team Exercises,VPM-10,"Mechanisms exist to utilize ""red team"" exercises to simulate attempts by adversaries to compromise systems and applications in accordance with organization-defined rules of engagement. ",3
Web Security ,Web Security,WEB-01,"Mechanisms exist to facilitate the implementation of an enterprise-wide web management policy, as well as associated standards, controls and procedures.",8
Web Security ,Unauthorized Code,WEB-01.1,Mechanisms exist to prevent unauthorized code from being present in a secure page as it is rendered in a client’s browser.,9
Web Security ,Use of Demilitarized Zones (DMZ),WEB-02,"Mechanisms exist to utilize a Demilitarized Zone (DMZ) to restrict inbound traffic to authorized devices on certain services, protocols and ports.",9
Web Security ,Web Application Firewall (WAF),WEB-03,Mechanisms exist to deploy Web Application Firewalls (WAFs) to provide defense-in-depth protection for application-specific threats. ,8
Web Security ,Client-Facing Web Services,WEB-04,"Mechanisms exist to deploy reasonably-expected security controls to protect the confidentiality and availability of client data that is stored, transmitted or processed by the Internet-based service.",10
Web Security ,Cookie Management,WEB-05,"Mechanisms exist to provide individuals with clear and precise information about cookies, in accordance with applicable legal requirements for cookie management.",5
Web Security ,Strong Customer Authentication (SCA),WEB-06,Mechanisms exist to implement Strong Customer Authentication (SCA) for consumers to reasonably prove their identity.,8
Web Security ,Web Security Standard,WEB-07,Mechanisms exist to ensure the Open Web Application Security Project (OWASP) Application Security Verification Standard is incorporated into the organization's Secure Systems Development Lifecycle (SSDLC) process.,9
Web Security ,Web Application Framework,WEB-08,"Mechanisms exist to ensure a robust Web Application Framework is used to aid in the development of secure web applications, including web services, web resources and web APIs.",9
Web Security ,Validation & Sanitization,WEB-09,Mechanisms exist to ensure all input handled by a web application is validated and/or sanitized.,9
Web Security ,Secure Web Traffic,WEB-10,"Mechanisms exist to ensure all web application content is delivered using cryptographic mechanisms (e.g., TLS).",9
Web Security ,Output Encoding,WEB-11,Mechanisms exist to ensure output encoding is performed on all content produced by a web application to reduce the likelihood of cross-site scripting and other injection attacks.,9
Web Security ,Web Browser Security,WEB-12,"Mechanisms exist to ensure web applications implement Content-Security-Policy, HSTS and X-Frame-Options response headers to protect both the web application and its users.",9
Web Security ,Website Change Detection,WEB-13,"Mechanisms exist to detect and respond to Indicators of Compromise (IoC) for unauthorized alterations, additions, deletions or changes on websites that store, process and/or transmit sensitive / regulated data. ",8
Web Security ,Publicly Accessible Content Reviews,WEB-14,"Mechanisms exist to routinely review the content on publicly accessible systems for sensitive/regulated data and remove such information, if discovered.",7
